super_frame,official_frame,timestamp_delta_s,super_N_geo_rows,official_N_geo_rows,super_contribution_per_row1,official_contribution_per_row1,super_weak_count,official_weak_count
0,7,-0.00018596649169921875,1290,1141,0.09141617195550786,0.02535393632994108,0,0
1,8,-0.0001304149627685547,1285,1143,0.08454484948852183,0.025033508490181135,0,0
2,9,3.910064697265625e-05,1275,1137,0.07966912928749534,0.02103453754015732,0,1
3,10,-9.989738464355469e-05,1299,1147,0.08486220889866031,0.02289719454807724,0,0
4,11,-0.00018787384033203125,1288,1119,0.09867600777319499,0.025187715768174895,0,0
5,12,-0.0005395412445068359,1303,1137,0.08209988527451674,0.02311485706973516,0,0
6,13,0.0002162456512451172,1312,1159,0.08600775447742241,0.02847233787500416,0,0
7,14,-4.696846008300781e-05,1301,1138,0.08282048609694731,0.022802706028748898,0,0
8,15,8.344650268554688e-06,1315,1126,0.07353405884463524,0.02618267549926392,0,0
9,16,-0.00020933151245117188,1321,1116,0.07915452201649784,0.022559784593120698,0,0
10,17,2.1219253540039062e-05,1310,1102,0.08508269723135096,0.02488628900635264,0,0
11,18,-0.00016617774963378906,1302,1126,0.07148206691771242,0.027416978699699387,0,0
12,19,-5.817413330078125e-05,1303,1105,0.07434994755391423,0.0264993014378785,0,0
13,20,-0.0002446174621582031,1301,1117,0.07609490927689631,0.024582153041125838,0,0
14,21,-0.00014519691467285156,1317,1116,0.07523137145451551,0.026945714027650895,0,0
15,22,-5.793571472167969e-05,1293,1090,0.07569745913643479,0.02628119052003283,0,0
16,23,-0.00011610984802246094,1297,1082,0.08223129361982794,0.02599340104351643,0,0
17,24,-0.0001590251922607422,1270,1090,0.08394093443089583,0.029564165030050715,0,0
18,25,-9.417533874511719e-05,1282,1088,0.07910895779984603,0.028348652865080273,0,0
19,26,-8.7738037109375e-05,1283,1091,0.08369299325734865,0.039861359146076206,0,0
20,27,-0.00019931793212890625,1260,1062,0.08579177567883144,0.031196469809375914,0,0
21,28,-8.654594421386719e-05,1279,1063,0.07623547292296266,0.02820497891416218,0,0
22,29,1.9073486328125e-05,1290,1055,0.087672700577004,0.027242673686330352,0,0
23,30,-0.0002532005310058594,1302,1083,0.09027254467003173,0.032654275964611894,0,0
24,31,-3.2901763916015625e-05,1293,1080,0.08390805122931613,0.028705657135557245,0,0
25,32,-0.00012040138244628906,1303,1109,0.08577964466897141,0.03249124458397262,0,0
26,33,-9.870529174804688e-05,1302,1102,0.0876757052545357,0.02980266335655254,0,0
27,34,-7.653236389160156e-05,1294,1077,0.08029365359907725,0.029849588538942894,0,0
28,35,-0.0001442432403564453,1265,1094,0.0893914691544333,0.03433669855651297,0,0
29,36,-0.0001552104949951172,1297,1087,0.08178099872703817,0.030867152951020327,0,0
30,37,-0.0002391338348388672,1310,1063,0.07671974492437057,0.03445937352032451,0,0
31,38,0.00022530555725097656,1299,1055,0.08896708630707927,0.027222700141617474,0,0
32,39,-0.00013446807861328125,1303,1055,0.07482924446726613,0.02642129241572737,0,0
33,40,-0.00013899803161621094,1277,1056,0.07897771791078752,0.025625601185090614,0,0
34,41,-0.00023031234741210938,1300,1052,0.08400688492334805,0.019927757774469063,0,1
35,42,3.337860107421875e-06,1298,1067,0.08343548386232878,0.023748040981346353,0,0
36,43,-0.00016379356384277344,1309,1041,0.08880992341897613,0.029554175139618652,0,0
37,44,-1.5735626220703125e-05,1312,1034,0.09606968616021842,0.02729172580938505,0,0
38,45,-9.34600830078125e-05,1312,1056,0.0784075427800417,0.031022350162719235,0,0
39,46,-6.961822509765625e-05,1283,1054,0.0798350782572805,0.026195678640814388,0,0
40,47,-0.0002269744873046875,1272,1043,0.08362789878492835,0.025914825334759254,0,0
41,48,-0.00012803077697753906,1287,1058,0.08233663025250616,0.0238695588589616,0,0
42,49,-7.939338684082031e-05,1274,1030,0.07835974115030357,0.020835180595083144,0,1
43,50,-0.0001437664031982422,1292,1042,0.08399500409516018,0.023592813802085773,0,1
44,51,5.936622619628906e-05,1286,1028,0.08648054480181883,0.030356718234514912,0,0
45,52,-0.00033855438232421875,1318,1063,0.08883322935907541,0.02338531722690514,0,1
46,53,-8.034706115722656e-05,1301,1074,0.0767695019100374,0.027818771047965107,0,0
47,54,-8.225440979003906e-05,1310,1074,0.08291195262479419,0.03367307981965262,0,0
48,55,-0.0001316070556640625,1267,1059,0.0725895220497601,0.031231140673892245,0,0
49,56,-6.508827209472656e-05,1314,1051,0.07795331680429944,0.029307810779302945,0,0
50,57,-3.0040740966796875e-05,1306,1031,0.0795251393482477,0.02851692261219487,0,0
51,58,-0.00022864341735839844,1323,1073,0.07493243416600938,0.03519050989435415,0,0
52,59,-4.792213439941406e-05,1317,1031,0.07647028255390234,0.025125270498018607,0,0
53,60,-0.00011467933654785156,1330,1046,0.07915760740301662,0.031880484142449345,0,0
54,61,-0.00011277198791503906,1333,1054,0.07804811099196232,0.028243797384131793,0,0
55,62,-7.62939453125e-06,1304,1026,0.07558774431607475,0.027697849866242436,0,0
56,63,-0.00011372566223144531,1330,1009,0.07419169908179377,0.02740182920300925,0,0
57,64,-0.0002703666687011719,1337,1033,0.07947876347297149,0.03530816891071065,0,0
58,65,-0.00011324882507324219,1346,1013,0.08184148373433775,0.026572075848047494,0,0
59,66,-8.058547973632812e-05,1316,1009,0.07559850526616928,0.027344560658612738,0,0
60,67,-0.00017952919006347656,1327,1031,0.08346264480915659,0.02672484439050654,0,0
61,68,3.24249267578125e-05,1307,1032,0.06807473814934378,0.03223692088626152,0,0
62,69,-0.00020623207092285156,1404,1006,0.07325419902461885,0.024515748794225765,0,1
63,70,-4.2438507080078125e-05,1358,1022,0.07518575662014586,0.02041515293886517,0,1
64,71,-5.340576171875e-05,1294,1020,0.07509983990807806,0.01867478168478199,0,1
65,72,-0.00013184547424316406,1333,985,0.07575088091032539,0.024086117623421142,0,1
66,73,-0.00012254714965820312,1314,995,0.08487993265577284,0.023048009764609027,0,1
67,74,-0.00017213821411132812,1324,1022,0.0906599318873126,0.023347683090519766,0,1
68,75,2.6702880859375e-05,1290,1011,0.0762906875721244,0.022899541904381544,0,1
69,76,-7.176399230957031e-05,1299,1010,0.08202101149129537,0.022260116822648758,0,1
70,77,-0.00010895729064941406,1308,999,0.08761571010500649,0.02027415059827589,0,1
71,78,-0.0001742839813232422,1320,1012,0.07438672315893752,0.02262199885053597,0,1
72,79,-0.00011777877807617188,1323,1034,0.071804202783315,0.028094015511138295,0,0
73,80,-0.0001838207244873047,1359,1072,0.0679245941598596,0.02626236817285196,0,0
74,81,-2.3603439331054688e-05,1335,1093,0.07674776775560128,0.02646709731818336,0,0
75,82,-4.887580871582031e-05,1379,1076,0.07384714719780637,0.021329149105291826,0,1
76,83,-0.00010514259338378906,1373,1059,0.07326211333708961,0.02572588244060844,0,0
77,84,-0.0001742839813232422,1393,1083,0.07414909861366781,0.020666823052523427,0,1
78,85,-0.00012755393981933594,1388,1047,0.07812772102933109,0.021277121053839596,0,1
79,86,-9.72747802734375e-05,1378,1037,0.07069024101916176,0.026667988691173615,0,0
80,87,-7.414817810058594e-05,1396,1036,0.0795044452378948,0.022493685707162245,0,1
81,88,-8.535385131835938e-05,1354,1034,0.06634261160868837,0.022749352731833837,0,1
82,89,-0.00025963783264160156,1393,1056,0.07625849745039108,0.02786751300322287,0,0
83,90,-8.225440979003906e-05,1374,1036,0.07713693671004394,0.02171498036522663,0,1
84,91,-8.20159912109375e-05,1405,1047,0.06409157612145583,0.026363346900047296,0,0
85,92,-3.600120544433594e-05,1375,1068,0.07302789662101052,0.02433154723617468,0,0
86,93,-4.00543212890625e-05,1360,1027,0.07474434314405216,0.022569961708035418,0,1
87,94,-0.00017261505126953125,1367,1022,0.06921170306362719,0.020479820304187542,0,1
88,95,-0.00010919570922851562,1355,1016,0.07226644846785993,0.01899277225254089,0,1
89,96,-0.000152587890625,1339,1027,0.06776366935371017,0.026706141123172718,0,0
90,97,-0.00011444091796875,1351,1016,0.07226132067109284,0.019267593253785232,0,1
91,98,-7.200241088867188e-05,1361,1058,0.07367737550756495,0.023330394115249693,0,1
92,99,-0.00018477439880371094,1362,1018,0.07193240475199471,0.02969485257838236,0,0
93,100,1.049041748046875e-05,1346,1026,0.06966815178142792,0.022449696156946076,0,1
94,101,-0.00019431114196777344,1325,1015,0.07274182823469054,0.022891849484936944,0,1
95,102,-7.271766662597656e-05,1301,985,0.07467743720026038,0.027776625132197655,0,0
96,103,3.075599670410156e-05,1261,974,0.06506530057807275,0.024859976413558395,0,1
97,104,-0.00022912025451660156,1282,994,0.06686896685505062,0.017316233524134462,0,1
98,105,-6.461143493652344e-05,1263,998,0.07281985206445436,0.02684578562308409,0,0
99,106,-1.4066696166992188e-05,1263,949,0.07296185165950446,0.018771974882160022,0,1
100,107,-0.00017714500427246094,1253,966,0.07921080197321351,0.01866856643131801,0,1
101,108,-9.012222290039062e-05,1246,978,0.07234462358978357,0.017595176499314105,0,1
102,109,-7.3909759521484375e-06,1252,984,0.06939540194055904,0.024207050359346033,0,1
103,110,-0.00012135505676269531,1257,964,0.07790735148207574,0.018542313167663037,0,1
104,111,-4.00543212890625e-05,1239,955,0.07077001019578677,0.021086528039103405,0,1
105,112,-0.00010514259338378906,1213,938,0.0653989402007585,0.02493100824640758,0,1
106,113,-0.00015091896057128906,1237,920,0.06920344080766941,0.02798349326071532,0,0
107,114,-0.00020813941955566406,1210,917,0.07435579403372836,0.028412929668031318,0,0
108,115,-0.00012254714965820312,1200,941,0.061976225177447004,0.02256890311124601,0,1
109,116,-5.316734313964844e-05,1206,929,0.07326742047891886,0.021696559451239744,0,1
110,117,-0.0001437664031982422,1199,920,0.0763985480339553,0.026023419395737026,0,1
111,118,-0.0001347064971923828,1195,927,0.06858517150998614,0.024199060508991392,0,1
112,119,-8.821487426757812e-05,1210,927,0.06688043682043217,0.019070708121553853,0,1
113,120,-5.698204040527344e-05,1191,877,0.0737552623304372,0.018659997149503352,0,1
114,121,-6.318092346191406e-05,1206,880,0.0727810356549758,0.022670282965356652,0,1
115,122,-0.00013518333435058594,1187,859,0.07257820566662641,0.016178580809805252,0,1
116,123,3.123283386230469e-05,1137,869,0.06666243459010397,0.022237592860113217,0,1
117,124,-0.00019025802612304688,1165,842,0.07926791676124278,0.02271611843426267,0,1
118,125,-0.00018310546875,1165,838,0.07269111395905457,0.01468345714924159,0,1
119,126,2.765655517578125e-05,1149,826,0.06023502578104549,0.01917907371936641,0,1
120,127,-0.00025343894958496094,1155,867,0.06778052751120035,0.019376229249894825,0,1
121,128,-0.00020122528076171875,1162,856,0.07493311274482543,0.018681688634591683,0,1
122,129,1.71661376953125e-05,1199,860,0.07158744752755057,0.021452112114706705,0,1
123,130,-0.00014901161193847656,1201,833,0.0622897909940232,0.0228368669283204,0,1
124,131,-0.00010418891906738281,1211,853,0.08363897592739858,0.022854368614004476,0,1
125,132,-0.00012302398681640625,1195,847,0.07630376481610861,0.015335674831971367,0,1
126,133,-1.8596649169921875e-05,1178,852,0.06134707661557481,0.020508625068015335,0,1
127,134,-0.00010085105895996094,1153,847,0.06835354930508789,0.017937499911050446,0,1
128,135,-0.0001785755157470703,1171,820,0.07358425234648837,0.02187943654816325,0,1
129,136,-0.00012063980102539062,1124,820,0.05932208269940577,0.01964647006697771,0,1
130,137,-6.198883056640625e-05,1100,814,0.07620283246040344,0.015713775919462013,0,1
131,138,-0.00010609626770019531,1137,832,0.07285811760599611,0.020433382775921088,0,1
132,139,-8.034706115722656e-05,1122,805,0.07440445677056882,0.021464213525286373,0,1
133,140,3.695487976074219e-05,1103,806,0.07622900272863947,0.021203887965483937,0,1
134,141,-4.506111145019531e-05,1102,798,0.07017163523961326,0.015280807675574357,0,1
135,142,-0.0002079010009765625,1082,780,0.07000983808045026,0.012698720968686617,0,1
136,143,-9.250640869140625e-05,1050,783,0.06234780998457046,0.013036856249374448,0,1
137,144,-0.00016427040100097656,1071,761,0.054323041750714667,0.015131416599634599,0,1
138,145,-0.00038933753967285156,1071,762,0.05947446951122622,0.014252898652409631,0,1
139,146,1.1444091796875e-05,1067,747,0.06341899865793087,0.015261861614114948,0,1
140,147,3.719329833984375e-05,1040,736,0.05664950104860159,0.01274868125176948,0,1
141,148,-0.0002384185791015625,1046,760,0.06772844108751126,0.017388841274537537,0,1
142,149,-0.0004019737243652344,1030,761,0.06637560632622358,0.016716674655558404,0,1
143,150,0.0003857612609863281,1015,726,0.06886029871813769,0.012698645598303845,0,1
144,151,-0.00016808509826660156,996,719,0.0737502097963808,0.01158820936179128,0,1
145,152,-1.8596649169921875e-05,946,679,0.04920876769636449,0.014506775781578097,0,1
146,153,-0.00019693374633789062,972,708,0.0568294963596289,0.014599439367062627,0,1
147,154,-8.988380432128906e-05,967,693,0.06962894487282359,0.010166528163018164,0,1
148,155,-0.00026988983154296875,961,718,0.06488762530774406,0.01761575271492217,0,1
149,156,-6.794929504394531e-05,958,688,0.060409666849825225,0.008540506712919059,0,1
150,157,-9.918212890625e-05,971,743,0.05610836319525627,0.01563807636058186,0,1
151,158,-0.00014281272888183594,979,745,0.05917266184755195,0.00971799160810125,0,1
152,159,-4.291534423828125e-06,1019,754,0.06507130167552136,0.012315456288562846,0,1
153,160,-6.508827209472656e-05,1042,759,0.05710047014386549,0.011367976508435839,0,1
154,161,9.965896606445312e-05,1060,793,0.06746162187378361,0.007798159633578749,0,1
155,162,-0.00017333030700683594,1074,772,0.0603849097559128,0.012354726155187182,0,1
156,163,-4.363059997558594e-05,1078,766,0.06529912324916011,0.011100116348764604,0,1
157,164,-0.00021910667419433594,1103,800,0.06777262995703481,0.01514798179268837,0,1
158,165,-0.00011706352233886719,1103,787,0.07079839506477847,0.009165031709998203,0,1
159,166,3.695487976074219e-05,1097,785,0.06470459373625388,0.009239857136064275,0,1
160,167,-0.0002837181091308594,1079,745,0.071973036625962,0.009680407639317865,0,1
161,168,-8.96453857421875e-05,1064,745,0.06127538151086721,0.008255549405245173,0,1
162,169,-0.0002803802490234375,1044,691,0.06589994199888002,0.006847475182302781,0,1
163,170,-9.489059448242188e-05,990,640,0.06992292946035211,0.005423155706375837,0,1
164,171,-0.00010609626770019531,952,639,0.062374488333193194,0.0038630479191763675,0,1
165,172,-0.0001628398895263672,919,663,0.06737762105867055,0.006424059155839601,0,1
166,173,-0.00021195411682128906,953,666,0.05569917632800459,0.011863696056085307,0,1
167,174,8.249282836914062e-05,940,686,0.06723373938114086,0.009301951779568508,0,1
168,175,-0.00019359588623046875,959,705,0.06584276857167265,0.006892634537203092,0,1
169,176,7.152557373046875e-05,1013,707,0.05934160335866508,0.009211339235643011,0,1
170,177,-0.00019931793212890625,1000,736,0.0689590705037117,0.007810138489889062,0,1
171,178,-0.00015306472778320312,1050,765,0.06623934110005697,0.007906231069876478,0,1
172,179,3.218650817871094e-05,1090,784,0.05102651573102408,0.004513599510703768,0,1
173,180,3.218650817871094e-05,1137,821,0.0516049781701181,0.009195791527937449,0,1
174,181,9.298324584960938e-06,1141,786,0.059818747166893546,0.006225727138325155,0,1
175,182,-0.00012493133544921875,1122,807,0.04964764078883139,0.007335354478238093,0,1
176,183,-5.14984130859375e-05,1118,780,0.049373482495599655,0.005412890284489363,0,1
177,184,-0.00012993812561035156,1080,766,0.05356565553832937,0.003271263511000352,0,1
178,185,-9.846687316894531e-05,1075,750,0.04884785696517589,0.010062254428863526,0,1
179,186,-0.00031685829162597656,1048,744,0.05530060395484662,0.007401996402330296,0,1
180,187,-0.0001010894775390625,1040,684,0.050198878749058796,0.007939256945548699,0,1
181,188,-0.0002079010009765625,937,672,0.04999718225880137,0.005076680687211808,0,1
182,189,-0.000308990478515625,953,697,0.0448714230768578,0.006542577976133765,0,1
183,190,-0.0003101825714111328,987,742,0.05503915429960751,0.004108574833831376,0,1
184,191,-7.677078247070312e-05,995,722,0.047345044325344525,0.007004253174129285,0,1
185,192,-0.00015783309936523438,1000,731,0.05891121470928192,0.0032781949610781896,0,1
186,193,-2.6702880859375e-05,1018,728,0.052444668907547745,0.008603342778080112,0,1
187,194,-5.245208740234375e-06,989,710,0.049789819666782455,0.004574495050269113,0,1
188,195,0.0001785755157470703,980,728,0.05982469381118307,0.006298182266099113,0,1
189,196,0.00010085105895996094,1059,750,0.05222682619680201,0.004385813077290853,0,1
190,197,-2.6226043701171875e-05,1055,775,0.05115618174674952,0.008468105100816296,0,1
191,198,0.00014472007751464844,1061,783,0.057622102102392915,0.009266145232384537,0,1
192,199,-9.703636169433594e-05,1062,751,0.06641366651278206,0.00549394209756356,0,1
193,200,-9.059906005859375e-05,1045,714,0.049892183125874644,0.007808350130957382,0,1
194,201,-0.00038313865661621094,956,653,0.04957003592197865,0.006488304408366976,0,1
195,202,-0.00033283233642578125,878,675,0.05166065258425841,0.007397799138669614,0,1
196,203,-0.0004277229309082031,905,711,0.059380330499364524,0.007638481347369746,0,1
197,204,-0.00028252601623535156,952,725,0.0517275915050707,0.0072031125529059045,0,1
198,205,-0.00021719932556152344,977,695,0.06339881571434904,0.0027891276551665163,0,1
199,206,-0.00023484230041503906,1003,700,0.05644761297781232,0.003473183342388698,0,1
200,207,3.5762786865234375e-06,984,681,0.058784905790798064,0.005931910439209791,0,1
201,208,0.00021219253540039062,983,728,0.05866051714636181,0.008138032650554574,0,1
202,209,0.00011014938354492188,1023,760,0.060172448584760736,0.006367898301074379,0,1
203,210,8.416175842285156e-05,1093,777,0.05469988756842932,0.004712830409119948,0,1
204,211,-0.000110626220703125,1116,766,0.04781233068008149,0.007476831696363404,0,1
205,212,8.821487426757812e-06,1079,744,0.05036120358388439,0.007385606246609841,0,1
206,213,-0.0002739429473876953,1040,753,0.054580070708806695,0.01052891076165208,0,1
207,214,6.556510925292969e-05,1044,743,0.049443758253393505,0.008255682354178756,0,1
208,215,-0.0001583099365234375,1061,759,0.059959759642558765,0.008076707365013393,0,1
209,216,-0.000179290771484375,1069,767,0.05337340420267089,0.006561782711332438,0,1
210,217,-8.726119995117188e-05,1060,694,0.046319691752487756,0.006206858484477063,0,1
211,218,-0.00022745132446289062,954,625,0.051494040641644714,0.008118525981903076,0,1
212,219,-0.0004527568817138672,858,532,0.05409516626860434,0.006460508345661307,0,1
214,221,0.04704689979553223,686,657,0.055483551484155236,0.009880198554179803,0,1
215,222,0.0001862049102783203,1077,493,0.05662021929175077,0.026168582042864322,0,1
216,223,-0.0001571178436279297,1083,554,0.06264539779828636,0.0293737317465703,0,1
217,224,0.0004284381866455078,1172,534,0.06104842916690449,0.027727837531307663,0,1
218,225,-0.0004429817199707031,1172,526,0.057985943586346234,0.02029662950410589,0,1
219,226,0.0005483627319335938,1126,483,0.05543151185525247,0.023704186236142618,0,1
220,227,8.344650268554688e-05,1079,465,0.07061074600935645,0.01492706242428031,0,1
221,228,-0.0003914833068847656,1047,465,0.06406954093102397,0.01603449877872262,0,1
222,229,0.0002961158752441406,1021,503,0.05810677491486014,0.021739605051385717,0,1
223,230,-0.000301361083984375,1048,524,0.051086646113686886,0.01776425142324608,0,1
224,231,-0.00018405914306640625,1131,488,0.07343386734195982,0.013837549652232498,0,1
225,232,-0.00041174888610839844,1042,472,0.055032233645041936,0.01782679128444801,0,1
226,233,-0.0003113746643066406,906,409,0.05461416503714673,0.02104235118059191,0,1
227,234,-0.0003707408905029297,849,464,0.06516080596281305,0.01884819387361921,0,1
228,235,-0.0005729198455810547,933,491,0.0586303687172304,0.026787384828579158,0,1
229,236,-0.0002791881561279297,994,481,0.06619754583542975,0.030619995138005753,0,1
230,237,0.00022411346435546875,1003,477,0.06135098349418146,0.02576236317492631,0,1
231,238,4.291534423828125e-06,1029,528,0.05969528467245074,0.018537008175344177,0,1
232,239,0.0003662109375,1063,549,0.06367219542963597,0.014881303727301093,0,1
233,240,4.744529724121094e-05,1146,560,0.06692548639695266,0.014918837696313858,0,1
234,241,7.891654968261719e-05,1159,554,0.07135830304044603,0.015916404095797764,0,1
235,242,3.0994415283203125e-06,1136,526,0.06608872131352693,0.016925228979197744,0,1
236,243,0.00015401840209960938,1096,541,0.05904841314267068,0.01582879995903114,0,1
237,244,-0.00017642974853515625,1071,536,0.06788891097522026,0.012042899741165673,0,1
238,245,3.62396240234375e-05,1073,336,0.06750923711789177,0.02640037557908467,0,1
240,246,-0.005470991134643555,13,526,0.08771432821567242,0.023093103795903718,3,1
241,247,0.00164031982421875,283,447,0.1166281238882786,0.013838362507105408,0,1
242,248,-0.0005261898040771484,545,455,0.11961206963302892,0.014535025449899527,0,1
243,249,-0.00020384788513183594,672,519,0.10198047819236915,0.01117731599219732,0,1
244,250,-0.0008282661437988281,775,494,0.10430740525645595,0.011564956502875819,0,1
245,251,0.0002524852752685547,806,499,0.0997618871646247,0.009209851344267208,0,1
246,252,0.0001938343048095703,830,541,0.09693348852984876,0.01198278579606146,0,1
247,253,-0.00020599365234375,891,88,0.08278265545263837,0.007919461889700457,0,2
248,253,0.012983322143554688,165,88,0.06542254036123102,0.007919461889700457,1,2
249,255,0.0007708072662353516,761,556,0.07577020172690593,0.010696472774306647,0,1
250,256,0.00021648406982421875,1008,536,0.08869600100886255,0.019836267539814337,0,1
251,257,-0.0001385211944580078,960,552,0.07700485928605,0.016671290108259174,0,1
252,258,-3.3855438232421875e-05,984,548,0.08662906216412056,0.012770118395777514,0,1
253,259,-3.24249267578125e-05,982,557,0.07945934569277249,0.011053977898678189,0,1
254,260,-0.00025200843811035156,994,548,0.07831745878071852,0.014586947803949788,0,1
255,261,-0.00018072128295898438,973,523,0.08379484154092567,0.013115334579183312,0,1
256,262,-0.0006840229034423828,868,441,0.09539692028326922,0.005785461726372475,0,1
257,263,0.00011396408081054688,737,480,0.08028805053703174,0.014876704290509224,0,1
258,264,-0.0005033016204833984,812,464,0.07891229191437144,0.013174316621032255,0,1
259,265,-0.00036334991455078125,867,484,0.06744381355716833,0.018624119891608056,0,1
260,266,-0.0001437664031982422,891,479,0.09054020619151568,0.013016466556859663,0,1
261,267,-0.00010991096496582031,878,465,0.07710406381068306,0.01362517431218137,0,1
262,268,0.00031447410583496094,905,521,0.09083854427653781,0.006653585955643608,0,1
263,269,0.00022459030151367188,900,538,0.06701281196541256,0.01213080920694486,0,1
264,270,0.00024175643920898438,1008,569,0.08100901372612469,0.014545731573825561,0,1
265,271,7.104873657226562e-05,998,523,0.06687968109318154,0.013810737411105153,0,1
266,272,-7.319450378417969e-05,1051,550,0.07648397887127384,0.01056523095477711,0,1
267,273,-6.67572021484375e-05,1009,555,0.07877613100471534,0.011831233952496504,0,1
268,274,-0.00040912628173828125,1007,505,0.08746733347022427,0.013353737864163842,0,1
269,275,-0.00011944770812988281,928,505,0.07934036818814688,0.013397682775365244,0,1
270,276,-0.00032830238342285156,870,488,0.08135741216012801,0.007864702676163345,0,1
271,277,-0.00023555755615234375,854,471,0.08125649661314292,0.014962399208368516,0,1
272,278,-0.0003685951232910156,820,468,0.08257842674487975,0.012650796108775668,0,1
273,279,-0.00013589859008789062,869,466,0.0820923093684935,0.013677257836632463,0,1
274,280,-2.1696090698242188e-05,847,473,0.08121994500177107,0.01146822777157354,0,1
275,281,-0.0003986358642578125,860,469,0.06351526864739351,0.014547813294538811,0,1
276,282,0.0002613067626953125,874,483,0.08837910245430551,0.006264048580303942,0,1
277,283,4.220008850097656e-05,885,484,0.0821492688804023,0.016078954270063353,0,1
278,284,5.3882598876953125e-05,864,515,0.08487304513929067,0.009322021771403193,0,1
279,285,-2.1696090698242188e-05,874,521,0.08898026678600354,0.011239814552373027,0,1
280,286,-0.00017833709716796875,880,523,0.07451165189797228,0.009407626055394714,0,1
281,287,6.413459777832031e-05,919,535,0.09842217584688853,0.007596594596577582,0,1
282,288,-0.0004825592041015625,941,560,0.08205738033422375,0.013381039989846093,0,1
283,289,0.0003209114074707031,940,540,0.08957611284357436,0.009152829647064209,0,1
284,290,-0.00019884109497070312,920,535,0.0951881340664366,0.016335479344162986,0,1
285,291,-0.00012755393981933594,909,556,0.08720591877422186,0.006557924927567406,0,1
286,292,-0.00011205673217773438,887,544,0.0902625763832918,0.009829129585448433,0,1
287,293,-0.00023889541625976562,903,554,0.08115581090532135,0.01053141052111822,0,1
288,294,-0.000156402587890625,923,535,0.07279980499075396,0.013912473660763178,0,1
289,295,-0.0001583099365234375,906,555,0.08664296991777735,0.007734921386650016,0,1
290,296,-5.507469177246094e-05,920,534,0.0826417159775029,0.005753690048996429,0,1
291,297,-0.0001609325408935547,909,559,0.08086453491311656,0.0032595397108142834,0,1
292,298,-2.86102294921875e-06,884,536,0.08627856189039498,0.012615728845347219,0,1
293,299,-0.0004334449768066406,869,576,0.07574846870742816,0.007691902522411611,0,1
294,300,0.0002727508544921875,922,576,0.08075018553568329,0.0050603292054600185,0,1
295,301,-5.125999450683594e-05,904,569,0.09071329447020472,0.005834017151897947,0,1
296,302,-3.5762786865234375e-05,935,581,0.0708816693428366,0.00827890131846968,0,1
297,303,4.76837158203125e-06,886,576,0.07319266734220105,0.00896365288645029,0,1
298,304,-0.00030040740966796875,915,579,0.09985566204362879,0.00526632515259975,0,1
299,305,-0.00020647048950195312,872,594,0.0764669289966242,0.008992384780536999,0,1
300,306,-3.075599670410156e-05,915,606,0.08211347021040369,0.007006166398328523,0,1
301,307,0.00013303756713867188,969,635,0.08434296687690097,0.0067031362863976185,0,1
302,308,-0.00014352798461914062,951,635,0.08785954597244504,0.004235574579614354,0,1
303,309,-0.00022673606872558594,930,611,0.08457391358190967,0.008668536835528434,0,1
304,310,-7.677078247070312e-05,925,650,0.07588889882371232,0.004004703301649828,0,1
305,311,-0.0005342960357666016,932,618,0.07448787680255498,0.008802355300261364,0,1
306,312,0.0003535747528076172,907,608,0.07456923852024688,0.0018716272162763697,0,1
307,313,-0.00021457672119140625,931,594,0.07817205360957555,0.005339011499777386,0,1
308,314,0.00014734268188476562,905,591,0.0697082557072297,0.004334049075589769,0,1
309,315,-0.00024819374084472656,849,567,0.06827752897680438,0.0070751692041938685,0,1
310,316,-5.7697296142578125e-05,835,585,0.08442787731479028,0.0029281351301405165,0,1
311,317,-6.794929504394531e-05,810,588,0.05911759241127673,0.0028610352148004128,0,1
312,318,-0.0002598762512207031,869,637,0.06237740751240141,0.009500041580649335,0,1
313,319,-0.0001983642578125,919,613,0.06473532393655787,0.0037524068141644774,0,1
314,320,-0.0002770423889160156,910,641,0.06302421964131869,0.00458380575299077,0,1
315,321,9.632110595703125e-05,919,687,0.055340074935078754,0.003095314405544009,0,1
316,322,-0.0002422332763671875,884,696,0.06101792221425346,0.0042669200177850395,0,1
317,323,-2.1696090698242188e-05,983,751,0.04543756310840347,0.00646081062829923,0,1
318,324,2.1457672119140625e-06,1058,738,0.05131788205334279,0.003889500610227507,0,1
319,325,0.00016832351684570312,1058,740,0.04649006210563313,0.008062587235424969,0,1
320,326,1.2159347534179688e-05,1040,673,0.05043942905389345,0.01179191501144137,0,1
321,327,6.222724914550781e-05,941,681,0.04993342846536991,0.004230485176024808,0,1
322,328,-0.00011658668518066406,1006,710,0.039748870828753675,0.005224742436073196,0,1
323,329,-0.0002605915069580078,1037,738,0.046205884695283014,0.009151992839849415,0,1
324,330,-0.0007381439208984375,1053,675,0.03674115697656036,0.006742027777212637,0,1
325,331,0.0001289844512939453,979,611,0.03859029185175287,0.005715944470438356,0,1
326,332,-0.00011801719665527344,877,621,0.03475701095304848,0.0014137613216652003,0,1
327,333,-0.00035309791564941406,888,652,0.03855449350567551,0.007339254935826261,0,1
328,334,-0.000438690185546875,905,622,0.03319738662045305,0.007049069048124111,0,1
329,335,-3.409385681152344e-05,905,632,0.032684966016210903,0.0069250081536136095,0,1
330,336,1.3589859008789062e-05,914,629,0.034763588490580054,0.004829087678123923,0,1
331,337,8.130073547363281e-05,959,703,0.039521722587231425,0.011215594720365651,0,1
332,338,0.00016260147094726562,1007,728,0.018361674815919455,0.005193364652958545,1,1
333,339,-9.632110595703125e-05,1063,697,0.020821799283193623,0.00560523832545561,1,1
334,340,0.00034165382385253906,1052,713,0.029736980285934623,0.009979823779257284,0,1
335,341,-4.410743713378906e-05,1054,725,0.024972479359248557,0.005782268293972673,0,1
336,342,-0.0001895427703857422,1070,720,0.02597848706156294,0.009180829094515907,0,1
337,343,-5.817413330078125e-05,1109,761,0.023982342456889863,0.005570906533831523,0,1
338,344,-0.00024628639221191406,1084,718,0.019970630642672748,0.005503211512871108,1,1
339,345,-0.0003685951232910156,1088,676,0.02408722640179536,0.008094169596243187,0,1
340,346,-0.00023937225341796875,970,613,0.01618513305162646,0.00902455831235229,1,1
341,347,-0.0004379749298095703,953,664,0.014089642203992461,0.004703864993819271,1,1
342,348,-0.00036025047302246094,990,658,0.015119652555446433,0.005769605603986236,1,1
343,349,-4.291534423828125e-05,1001,653,0.014823117098965487,0.004390730700850669,1,1
344,350,-1.2159347534179688e-05,1029,676,0.013986950133817653,0.008799274027700255,1,1
345,351,-0.0003113746643066406,1023,672,0.011685028220667984,0.005806656909130868,1,1
346,352,0.0004699230194091797,1014,673,0.012121945149329523,0.00259934412246296,1,1
347,353,6.341934204101562e-05,1010,687,0.009961034106736136,0.004143065760749917,1,1
348,354,-3.361701965332031e-05,1035,700,0.01425021633433835,0.003614705034664699,1,1
349,355,-7.796287536621094e-05,1045,715,0.010369922327653073,0.00891678083193052,1,1
350,356,-2.1219253540039062e-05,1072,713,0.013436065958951837,0.007101198817703868,1,1
351,357,-9.5367431640625e-05,1066,696,0.013598470370272982,0.003688319746790261,1,1
352,358,-5.9604644775390625e-05,1054,684,0.016219867983624424,0.0025757058844928854,1,1
353,359,-0.00016379356384277344,1075,694,0.012252457973568939,0.008912260662925347,1,1
354,360,-5.8650970458984375e-05,1105,689,0.013484038432798775,0.007444324012418617,1,1
355,361,-0.00014019012451171875,1121,726,0.014013015777271418,0.0027379254828471455,1,1
356,362,-0.000148773193359375,1126,717,0.01436121208629642,0.0058045193573753534,1,1
357,363,-0.0003032684326171875,1127,703,0.008555186937208607,0.0049528193846874865,1,1
358,364,-0.0002830028533935547,1084,668,0.014254784012192729,0.0057708060670041755,1,1
359,365,-0.0001819133758544922,1065,663,0.01968788641719191,0.002052618996949577,1,1
360,366,-0.0002346038818359375,1016,619,0.01686997072199198,0.002029902715482696,1,1
361,367,-6.794929504394531e-05,986,628,0.02031614983541245,0.0027920896080648825,1,1
362,368,-7.987022399902344e-05,968,653,0.013636865830125888,0.01013896978284827,1,1
363,369,1.8358230590820312e-05,990,668,0.016494271971962668,0.0011977833545136595,1,1
364,370,2.384185791015625e-05,990,665,0.016883399871864706,0.0061654853641538694,1,1
365,371,-3.8623809814453125e-05,1002,686,0.017151999318909025,0.00236439209637767,1,1
366,372,-4.029273986816406e-05,1067,666,0.01848061708166092,0.00648090995109833,1,1
367,373,-8.988380432128906e-05,1049,678,0.0165927684000268,0.0031836739683573224,1,1
368,374,-9.799003601074219e-05,1049,706,0.01518367613009661,0.011330402184478285,1,1
369,375,-0.00014257431030273438,1063,721,0.023535531753654873,0.00621469878951984,0,1
370,376,-0.00021719932556152344,1071,721,0.01818470727829706,0.0037053807763881394,1,1
371,377,-2.1696090698242188e-05,1108,700,0.015866761495920725,0.0019355947630746023,1,1
372,378,-0.00020003318786621094,1055,714,0.017353570178786724,0.005511999464168602,1,1
373,379,-0.0001723766326904297,1088,716,0.019731021047953295,0.0043198565364549945,1,1
374,380,-0.00015234947204589844,1119,671,0.023685062272512453,0.0045112952390122165,0,1
375,381,-0.00010180473327636719,1080,707,0.020851549726945383,0.0027096648364626874,1,1
376,382,-6.437301635742188e-05,1034,665,0.023690291022885467,0.004821197161997171,1,1
377,383,-7.176399230957031e-05,1011,638,0.024484923815043344,0.004333540470248853,1,1
378,384,-0.00016617774963378906,971,652,0.029004152660880595,0.00559088048393741,0,1
379,385,-9.369850158691406e-05,961,660,0.030295518757029204,0.004842198617530592,0,1
380,386,-2.6702880859375e-05,942,643,0.021270271003119758,0.006458556392515429,1,1
381,387,-0.00011277198791503906,962,656,0.020740985622524966,0.004505395980142966,1,1
382,388,-6.651878356933594e-05,989,698,0.02583822544713112,0.005059861009646965,0,1
383,389,-0.00016164779663085938,1032,672,0.02630398589973302,0.004028829524204845,0,1
384,390,-0.00015091896057128906,1029,669,0.026747283481416247,0.006904250926857394,0,1
385,391,-3.886222839355469e-05,1002,657,0.029180446606196328,0.004625880827098132,0,1
386,392,-0.00018095970153808594,966,622,0.019366742969793314,0.00928085199123027,1,1
387,393,-0.00011515617370605469,955,646,0.02015729437323765,0.007501983328869468,1,1
388,394,-0.00019359588623046875,941,634,0.01561935782812607,0.001288582567912923,1,1
389,395,-0.00010752677917480469,936,620,0.023863839733804394,0.007117904386212749,1,1
390,396,-0.00014495849609375,976,688,0.025231487621537974,0.011229084934606108,1,1
391,397,-4.291534423828125e-06,996,709,0.024952976040572047,0.005477579003160528,1,1
392,398,-0.00019741058349609375,1015,701,0.020918900684770106,0.00706142093587704,1,1
393,399,-0.00013589859008789062,1056,691,0.030279692431742496,0.002844912270906175,0,1
394,400,-9.822845458984375e-05,1026,672,0.023282301646691782,0.00539085916465237,1,1
395,401,-0.00013566017150878906,1020,694,0.023227770831070693,0.006914979099196728,1,1
396,402,-0.0001342296600341797,1036,637,0.023958580892058413,0.0036298100203509607,1,1
397,403,8.7738037109375e-05,982,649,0.025044487838589733,0.0026115384785162835,1,1
398,404,-0.00014543533325195312,983,655,0.019115761422674387,0.006140495256613229,1,1
399,405,-0.0002079010009765625,979,653,0.02471907687990853,0.004993779462110394,1,1
400,406,-2.288818359375e-05,963,665,0.02267052606135019,0.007052112342719745,1,1
401,407,-0.00018286705017089844,921,623,0.027143713382116227,0.010568614469102643,1,1
402,408,-9.918212890625e-05,973,621,0.03389605980860366,0.005691779984368218,0,1
403,409,-0.00019311904907226562,1016,634,0.02754584870000524,0.002291172084748181,0,1
404,410,-4.839897155761719e-05,1033,656,0.02789303149743094,0.004031194146813416,0,1
405,411,-2.2411346435546875e-05,1063,667,0.03027328167562763,0.009046158333053474,0,1
406,412,-7.152557373046875e-06,1083,670,0.03262226425269524,0.01029895472882399,0,1
407,413,-0.00017714500427246094,1040,696,0.02702644209449108,0.006905254875791484,0,1
408,414,-0.00010395050048828125,1027,641,0.03099335383301004,0.008603052955335835,0,1
409,415,7.343292236328125e-05,978,655,0.02835991344812701,0.009921111678349153,0,1
410,416,-0.000316619873046875,973,650,0.027795116555899044,0.004122480520835289,0,1
411,417,-7.486343383789062e-05,987,645,0.029202803954285813,0.009885593440181525,0,1
412,418,-0.00027751922607421875,941,611,0.023093019547801977,0.008446552944651603,1,1
413,419,-0.00010323524475097656,937,608,0.03170534252738749,0.005833932149567102,0,1
414,420,-7.700920104980469e-05,920,614,0.031232864247715993,0.011133949706142812,0,1
415,421,4.76837158203125e-07,922,644,0.031074240448159405,0.007370187629083669,0,1
416,422,-7.43865966796875e-05,963,656,0.03873321522309649,0.010956668635693992,0,1
417,423,-0.00021266937255859375,999,656,0.03272034790184166,0.009824664309257415,0,1
418,424,-7.677078247070312e-05,1035,663,0.03542120260892859,0.007516216188893959,0,1
419,425,0.00014138221740722656,1062,683,0.025177701550014947,0.00965402424771824,0,1
420,426,-0.00018453598022460938,1081,671,0.03250233229391008,0.008214116629474032,0,1
421,427,-8.630752563476562e-05,1104,681,0.027028620297062225,0.00782033236541412,0,1
422,428,-0.0002453327178955078,1072,634,0.03338675095296618,0.008127363886366883,0,1
423,429,-7.987022399902344e-05,1001,594,0.03188463893684593,0.008369174368855127,0,1
424,430,-0.00010442733764648438,904,561,0.029676422938308883,0.006614488182645856,0,1
425,431,-0.00020456314086914062,888,655,0.03854689780656282,0.009907936412869519,0,1
426,432,-0.00021457672119140625,944,682,0.02981699068667525,0.007560256639184141,0,1
427,433,-0.0002446174621582031,979,686,0.03446395173136133,0.008584631253957054,0,1
428,434,-0.0002002716064453125,989,660,0.03724563133849172,0.005570082953481963,0,1
429,435,-0.0005080699920654297,966,659,0.03497930367787679,0.005330047766608787,0,1
430,436,0.00034332275390625,944,629,0.03965216515175367,0.009023810228975474,0,1
431,437,-3.337860107421875e-05,908,637,0.035952434206324005,0.0053108241906158595,0,1
432,438,0.000102996826171875,955,664,0.035034302703997225,0.00914148007889828,0,1
433,439,-7.867813110351562e-05,976,703,0.03218871916903824,0.007969545351492392,0,1
434,440,7.152557373046875e-07,1064,712,0.04259988900862242,0.010940049890052067,0,1
435,441,-0.00010657310485839844,1095,685,0.042453374220356006,0.008142096804876398,0,1
436,442,9.34600830078125e-05,1057,616,0.035702175257221754,0.005750316787849773,0,1
437,443,-1.6689300537109375e-06,983,608,0.03962943943204133,0.0060726188515361984,0,1
438,444,-3.0279159545898438e-05,952,573,0.04327795247570807,0.005786241973257814,0,1
439,445,-0.00021719932556152344,905,571,0.03008812955729869,0.004621729959330918,0,1
440,446,-0.00028443336486816406,895,614,0.040779772084518516,0.004288181516945556,0,1
441,447,-0.00018930435180664062,929,655,0.03200100177840858,0.004015354982769216,0,1
442,448,-0.00013875961303710938,974,680,0.03168826273334589,0.007555101987193612,0,1
443,449,-0.000148773193359375,1025,701,0.033790773124229616,0.009180603966053134,0,1
444,450,-0.0001480579376220703,1040,739,0.034407861072283524,0.01034112817057092,0,1
445,451,-0.00040149688720703125,1076,667,0.03462945800066881,0.008909712577688283,0,1
446,452,-0.00028395652770996094,1015,615,0.02960280755470539,0.007236618142787034,0,1
447,453,-0.00045108795166015625,921,634,0.035337763811167364,0.006790663259638597,0,1
448,454,0.0003440380096435547,977,706,0.04071679384949996,0.009575314038873732,0,1
449,455,9.5367431640625e-07,965,656,0.04049360319740414,0.0023032369591840882,0,1
450,456,-0.00014662742614746094,953,619,0.04126509533098587,0.004819549247020666,0,1
451,457,3.218650817871094e-05,960,636,0.03754451765368382,0.010258634697716191,0,1
452,458,-0.00015425682067871094,892,650,0.03999908803022496,0.005930546888938317,0,1
453,459,4.649162292480469e-05,923,650,0.045314993269394435,0.0036491778263678916,0,1
454,460,-0.0004706382751464844,993,667,0.034620103699202986,0.0033602971901957957,0,1
455,461,0.00042700767517089844,1003,702,0.03450134239073171,0.006040716188246029,0,1
456,462,-0.00010895729064941406,1056,720,0.04564343471870278,0.00494467674030198,0,1
457,463,7.152557373046875e-07,1093,701,0.030720207850429188,0.010278878555488315,0,1
458,464,-0.0005779266357421875,1080,630,0.031010502024933145,0.005762779145013718,0,1
459,465,0.0004379749298095703,1017,608,0.036020363971312606,0.0049550503884491165,0,1
460,466,-0.0001709461212158203,944,611,0.03798483002741458,0.007742917284052422,0,1
461,467,-0.0004150867462158203,915,604,0.03589594885299766,0.003462359111830099,0,1
462,468,4.7206878662109375e-05,903,612,0.04079305505171699,0.008165557594860302,0,1
463,469,-0.0003561973571777344,942,659,0.03815484445565825,0.00906646396393841,0,1
464,470,0.00014591217041015625,985,703,0.044225257544348084,0.00586050002707187,0,1
465,471,-0.0003421306610107422,1016,629,0.03438381792053463,0.007805243679374125,0,1
466,472,-0.00016236305236816406,958,594,0.03981572097179038,0.0064746030051298815,0,1
467,473,-0.00020694732666015625,905,609,0.048505773201831796,0.008712422573703459,0,1
468,474,-3.2901763916015625e-05,905,655,0.039594765592016565,0.00607707564157384,0,1
469,475,-6.151199340820312e-05,883,667,0.032953767989796934,0.00801554979055539,0,1
470,476,-0.00034236907958984375,934,658,0.030552767584104353,0.004125530596562069,0,1
471,477,-4.57763671875e-05,946,648,0.04325336690432929,0.005754669691309517,0,1
472,478,6.651878356933594e-05,957,642,0.04320433919581749,0.00929392869598769,0,1
473,479,-0.00010919570922851562,942,631,0.04123960103198981,0.006170252895959773,0,1
474,480,4.315376281738281e-05,914,605,0.03508313192580409,0.005794402784552456,0,1
475,481,-4.6253204345703125e-05,906,606,0.038335818591759954,0.005591674114611283,0,1
476,482,-5.817413330078125e-05,869,564,0.03912548441332695,0.006180790299219443,0,1
477,483,-3.600120544433594e-05,840,573,0.03845331392117909,0.003149283285956524,0,1
478,484,-0.00012636184692382812,897,624,0.04579599293046439,0.004567307730515798,0,1
479,485,-7.677078247070312e-05,896,632,0.054014493245631456,0.005172283023218566,0,1
480,486,-7.724761962890625e-05,967,652,0.03171050949205164,0.01391772441337445,0,1
481,487,-0.00023436546325683594,1015,663,0.04461349119693775,0.005941792041467865,0,1
482,488,-5.269050598144531e-05,1040,668,0.054295498705827276,0.004704801533036603,0,1
483,489,-1.430511474609375e-05,1036,649,0.04872965806929761,0.0058164083167841696,0,1
484,490,-0.0003159046173095703,1039,633,0.046630211927434134,0.006540634338324669,0,1
485,491,-5.817413330078125e-05,988,601,0.036616270177760105,0.009925398176005993,0,1
486,492,-0.0003147125244140625,926,587,0.044952028127262456,0.00868247101619662,0,1
487,493,-0.000202178955078125,863,599,0.037488789091519106,0.0021661566772524623,0,1
488,494,-0.0001838207244873047,862,625,0.038358470679988994,0.0023917020797729494,0,1
489,495,-8.654594421386719e-05,877,622,0.04322396825357609,0.004938004292859142,0,1
490,496,-0.00011801719665527344,907,670,0.043602395609694776,0.0032774055182044188,0,1
491,497,7.343292236328125e-05,938,675,0.04529280982800384,0.0038400914933946397,0,1
492,498,0.0001800060272216797,969,680,0.04810428441001412,0.008686223889098448,0,1
493,499,-3.218650817871094e-05,1019,706,0.05302435674424026,0.006375383976160973,0,1
494,500,-0.00017380714416503906,1028,716,0.05107660823527013,0.008018986972350648,0,1
495,501,-2.288818359375e-05,1020,701,0.0560129069814495,0.0048293064902410355,0,1
496,502,-5.698204040527344e-05,985,651,0.04877886754002063,0.005735114880604312,0,1
497,503,-0.00014495849609375,974,658,0.051720957858851314,0.004511597489875863,0,1
498,504,0.0001552104949951172,947,658,0.06850188064222729,0.004102814342475589,0,1
499,505,-0.0001761913299560547,934,695,0.06126592896990398,0.006063433345273244,0,1
500,506,-0.00033545494079589844,935,695,0.049815397211574616,0.009916717028446334,0,1
501,507,-0.00036406517028808594,948,690,0.046015406899814364,0.010690694701844368,0,1
502,508,-8.249282836914062e-05,951,708,0.048579588297413726,0.009980940296825043,0,1
503,509,-0.00011944770812988281,967,642,0.062172241331749395,0.005873261211074401,0,1
504,510,-0.00019168853759765625,883,571,0.04577434481472823,0.009504432331659748,0,1
505,511,-0.0003559589385986328,838,558,0.055323782001304174,0.006529384723273656,0,1
506,512,-2.5272369384765625e-05,796,597,0.05325884383227957,0.004799949663567982,0,1
507,513,-0.00023245811462402344,816,637,0.04817937190334002,0.010608751601663826,0,1
508,514,4.839897155761719e-05,806,617,0.0583753800273829,0.005483276357140688,0,1
509,515,-0.0001366138458251953,833,609,0.04804174088630356,0.0093123772852918,0,1
510,516,0.00035643577575683594,848,659,0.04535460556453129,0.006195125521947835,0,1
511,517,-1.71661376953125e-05,905,695,0.06343571988258573,0.006736774924847719,0,1
512,518,-0.00011992454528808594,990,735,0.04338870174957044,0.004623947986940137,0,1
513,519,5.7220458984375e-05,1013,685,0.055663721406095004,0.008903934920791293,0,1
514,520,-0.00020813941955566406,1026,681,0.05177092999510365,0.008178247229118179,0,1
515,521,-0.00020313262939453125,981,631,0.058255852423190584,0.008314483706055654,0,1
516,522,-8.940696716308594e-05,924,640,0.05891761145034394,0.009003101754933596,0,1
517,523,-8.559226989746094e-05,938,660,0.06661425902645217,0.01033559161605257,0,1
518,524,-0.00020360946655273438,886,689,0.05848964308777458,0.005229312120916535,0,1
519,525,-0.0001881122589111328,979,725,0.05622391285521261,0.010248826043359164,0,1
520,526,-0.00023174285888671875,987,726,0.05713856316868899,0.008939607658990488,0,1
521,527,-5.53131103515625e-05,1007,637,0.05571079727672891,0.00688840446517082,0,1
522,528,-0.00021648406982421875,896,572,0.056794042100331614,0.0020945649463813623,0,1
523,529,-8.7738037109375e-05,800,648,0.06377819523215295,0.007837261958622638,0,1
524,530,-0.0002434253692626953,841,677,0.05057110932437475,0.006877553779934499,0,1
525,531,-0.000125885009765625,907,682,0.045301015873859575,0.005618588665713313,0,1
526,532,-3.5762786865234375e-06,951,660,0.05198907526258916,0.007881079478697343,0,1
527,533,-0.0001995563507080078,928,660,0.060400336788132274,0.00506512007930062,0,1
528,534,-9.632110595703125e-05,914,686,0.05137997761336145,0.009354570690466434,0,1
529,535,-1.7642974853515625e-05,984,732,0.05186276059082853,0.007785295039578213,0,1
530,536,3.5762786865234375e-05,1014,696,0.05014231636444257,0.00881491121889531,0,1
531,537,9.775161743164062e-06,997,690,0.05102480599729563,0.009446946693503338,0,1
532,538,-0.0001723766326904297,1006,726,0.055638124881160426,0.007192034859302615,0,1
533,539,-2.4080276489257812e-05,1070,728,0.04799724756000198,0.006914229674653692,0,1
534,540,-7.891654968261719e-05,1079,718,0.05122656679683753,0.007386264445721937,0,1
535,541,-0.00010609626770019531,1049,679,0.05822146302524127,0.0075547026253589295,0,1
536,542,-2.7894973754882812e-05,955,627,0.05295904575218081,0.007641156419422448,0,1
537,543,0.00010132789611816406,967,637,0.0452216906779308,0.006592240120215543,0,1
538,544,-0.00039958953857421875,885,583,0.048454638860993465,0.007419902198719529,0,1
539,545,1.3828277587890625e-05,917,673,0.050103860502024644,0.006547765161449098,0,1
540,546,-0.00010132789611816406,943,675,0.045342099312633624,0.004485738189132125,0,1
541,547,-0.00017452239990234375,949,707,0.04319376682958814,0.00903256054140385,0,1
542,548,-0.00031185150146484375,994,729,0.03948663363994007,0.01068757239356126,0,1
543,549,-0.0006775856018066406,1075,702,0.05096362507620523,0.007479211798420659,0,1
544,550,0.0001556873321533203,1015,641,0.053204438839052695,0.006324982680322227,0,1
545,551,-8.869171142578125e-05,904,658,0.05340289700347765,0.014753500922472644,0,1
546,552,-0.0001285076141357422,952,692,0.045151600692452505,0.010488996099185393,0,1
547,553,-0.0002970695495605469,1034,704,0.049052914867548696,0.008378877219828692,0,1
548,554,3.886222839355469e-05,1022,664,0.03832209646818456,0.009682451834879726,0,1
549,555,-3.0279159545898438e-05,962,630,0.039823775541757596,0.010309941901101006,0,1
550,556,-8.916854858398438e-05,946,639,0.037372048196026436,0.006717760891235304,0,1
551,557,7.271766662597656e-05,931,649,0.033322712148426685,0.007448786120569027,0,1
552,558,-0.0005347728729248047,966,639,0.03734185958500975,0.008031683162157898,0,1
553,559,6.127357482910156e-05,953,632,0.044878513277640246,0.012472722537909882,0,1
554,560,0.00043129920959472656,929,633,0.037878233983519256,0.007981315137462405,0,1
555,561,-0.00010251998901367188,954,643,0.04199078316708531,0.010604315189699733,0,1
556,562,-0.00012922286987304688,939,596,0.04102815054476071,0.009346446034892293,0,1
557,563,-0.00017189979553222656,962,580,0.041319920528455484,0.014313015341758727,0,1
558,564,0.00012159347534179688,916,536,0.03627161011425168,0.012089096454542075,0,1
559,565,-0.000518798828125,786,502,0.03300310265623583,0.0060275493864994124,0,1
560,566,-0.00020122528076171875,791,511,0.05327930334395012,0.007522507539700622,0,1
561,567,-0.00015425682067871094,861,569,0.04598232546472937,0.013712471629278522,0,1
562,568,-0.00016570091247558594,907,605,0.04579606050956078,0.01571131008715669,0,1
563,569,-0.00025773048400878906,925,589,0.04520093138153489,0.005997338805012468,0,1
564,570,-0.0002951622009277344,955,611,0.048412134572473495,0.013125006676500637,0,1
565,571,5.245208740234375e-05,1011,598,0.03614496294515895,0.012623922781003358,0,1
566,572,9.703636169433594e-05,983,614,0.034048157997073135,0.012046814158995688,0,1
567,573,1.5497207641601562e-05,982,639,0.049716818174859415,0.011332757316284896,0,1
568,574,4.9114227294921875e-05,1005,632,0.034201222213346566,0.007401360835455641,0,1
569,575,-0.00010395050048828125,1024,656,0.03325429407414049,0.0077238230988746735,0,1
570,576,0.00011229515075683594,1053,596,0.034132242882014004,0.01156456218469863,0,1
571,577,-0.0002853870391845703,1015,583,0.04594058127238833,0.008635126297101762,0,1
572,578,-9.059906005859375e-06,934,553,0.04356444130873016,0.007704588323562098,0,1
573,579,-0.0004203319549560547,942,547,0.04906995509080826,0.008159538836540208,0,1
574,580,9.322166442871094e-05,963,594,0.04105816451931297,0.010945936746468848,0,1
575,581,8.177757263183594e-05,958,573,0.050756103497208535,0.01032099070557333,0,1
576,582,-0.00022149085998535156,960,523,0.0381744846701622,0.006768878285789125,0,1
577,583,-0.00049591064453125,911,445,0.040298856312304766,0.012492110086291024,0,1
578,584,-0.000244140625,770,382,0.03496123443950306,0.011243540579111788,0,1
579,585,-7.367134094238281e-05,682,433,0.03940227147071592,0.01574216566239989,0,1
580,586,-0.00018334388732910156,816,460,0.043193100714216046,0.018223320012507233,0,1
581,587,-0.0003552436828613281,844,534,0.05160760152113946,0.011409855737221822,0,1
582,588,-0.0001308917999267578,913,519,0.045880794720999644,0.012265106960987539,0,1
583,589,0.00012040138244628906,914,521,0.051712641243861594,0.011540889511181616,0,1
584,590,3.337860107421875e-06,941,535,0.05815674179292004,0.010829878521856861,0,1
585,591,-1.6689300537109375e-06,914,529,0.04382773659944013,0.012710786722107511,0,1
586,592,0.00013208389282226562,921,567,0.04828239813948558,0.008456020864019108,0,1
587,593,-7.867813110351562e-06,980,580,0.04427526708768339,0.013002995684229095,0,1
588,594,-8.034706115722656e-05,993,573,0.04567182430207789,0.015199701407400934,0,1
589,595,2.0265579223632812e-05,1015,579,0.04523915962632654,0.00945730571713884,0,1
590,596,-0.00012826919555664062,998,508,0.044852136848923675,0.020950543481533922,0,1
591,597,-0.00010824203491210938,951,507,0.044036446184264624,0.01711649572590634,0,1
592,598,-0.00018858909606933594,926,520,0.046581952669708056,0.019922247643654162,0,1
593,599,-0.00020766258239746094,963,545,0.046301591247784386,0.0100368154158286,0,1
594,600,-0.00011920928955078125,965,543,0.053135053357929764,0.021378782682436388,0,1
595,601,-0.0002880096435546875,936,453,0.038422604401906334,0.006634415774945392,0,1
596,602,-0.000232696533203125,873,462,0.0482077987060241,0.015939048100343516,0,1
597,603,-0.0006020069122314453,914,511,0.029739169897083643,0.014643257144845863,0,1
598,604,0.00026869773864746094,970,544,0.045002876851976535,0.021482532515245324,0,1
599,605,-0.0004444122314453125,1028,549,0.03626932754590818,0.008858908395298192,0,1
600,606,-5.0067901611328125e-05,1059,524,0.03945040927955404,0.010645041711457814,0,1
601,607,-0.0001354217529296875,1087,528,0.03734948455245537,0.02183186217690959,0,1
602,608,0.00013566017150878906,1043,525,0.034899184310653406,0.013610542161124093,0,1
603,609,5.364418029785156e-05,1004,477,0.040751509457470414,0.020328627067541925,0,1
604,610,0.0002040863037109375,959,470,0.03437133340069847,0.018328767634452656,0,1
605,611,0.000102996826171875,968,479,0.042645553049962384,0.015244183435818348,0,1
606,612,-0.0001780986785888672,933,478,0.03842715320096522,0.018533766519075658,0,1
607,613,-0.00010275840759277344,926,450,0.042833394031030314,0.015687914027108087,0,1
608,614,-0.0003864765167236328,878,455,0.03373896709064145,0.007402999453492217,0,1
609,615,0.0002522468566894531,933,429,0.03731299941562763,0.016435171340728975,0,1
610,616,-0.0004010200500488281,861,426,0.04585109542055828,0.016655177997311515,0,1
611,617,-0.0002827644348144531,870,422,0.047188481517221735,0.011838374685902165,0,1
612,618,-3.4332275390625e-05,888,446,0.03718693252350833,0.018840732595845722,0,1
613,619,-0.000286102294921875,896,458,0.047744501515158584,0.01300785687292507,0,1
614,620,8.821487426757812e-05,928,440,0.04975457650063367,0.023359770666469225,0,1
615,621,-0.00038552284240722656,852,438,0.05676075473357814,0.019562869583635026,0,1
616,622,-6.4373016357421875e-06,850,446,0.05088138264768264,0.010870259171644133,0,1
617,623,-0.0001316070556640625,881,438,0.0562956429231451,0.017598449367366424,0,1
618,624,0.00031280517578125,909,401,0.049756447605305114,0.013339008030451445,0,1
619,625,-0.000484466552734375,823,418,0.056202865602903496,0.023230037050384084,0,1
620,626,-5.245208740234375e-06,828,420,0.05823200322003756,0.017587209173611233,0,1
621,627,8.344650268554688e-05,839,406,0.06489581636933518,0.01533616367232036,0,1
622,628,-0.00010776519775390625,828,403,0.060313185272009476,0.015464773840703088,0,1
623,629,-0.00022792816162109375,790,413,0.055779947283901746,0.01760962540531851,0,1
624,630,-4.76837158203125e-05,805,420,0.055845506591086065,0.012006834433192299,0,1
625,631,-9.942054748535156e-05,814,421,0.06945891769863756,0.011051532208494788,0,1
626,632,7.152557373046875e-05,818,391,0.05202831885342493,0.024076799907342857,0,1
627,633,-0.0005147457122802734,862,413,0.06998509064904498,0.026257247382157074,0,1
628,634,0.00011563301086425781,814,392,0.07095182432589425,0.014683427707273133,0,1
629,635,-0.00035643577575683594,811,428,0.054483972333656434,0.0217683273498143,0,1
630,636,8.106231689453125e-05,793,385,0.05420066136279593,0.015341885213728075,0,1
631,637,-0.00010204315185546875,808,402,0.05796610903326828,0.011800049252771026,0,1
632,638,-0.000232696533203125,752,386,0.052314746807864375,0.01958247139046229,0,1
633,639,-9.274482727050781e-05,771,403,0.056929266561020826,0.019197273934745317,0,1
634,640,-0.00024008750915527344,784,383,0.055667088956249,0.013671323151252288,0,1
635,641,0.0001125335693359375,757,359,0.049287229107109684,0.026419299558676716,0,1
636,642,-0.00033354759216308594,773,388,0.052266264331911394,0.013949702849093172,0,1
637,643,0.0001347064971923828,781,377,0.04841904725674325,0.013778734744701841,0,1
638,644,-0.00014328956604003906,754,384,0.06177470032669189,0.004478415008634329,0,1
639,645,5.91278076171875e-05,814,397,0.05474712968751312,0.01784236620295258,0,1
640,646,-0.0001285076141357422,755,394,0.06086207399305129,0.018641860503230603,0,1
641,647,-0.00026035308837890625,767,421,0.05368878881810075,0.02256914513128104,0,1
642,648,-4.57763671875e-05,813,435,0.057992456290701364,0.015939216641173967,0,1
643,649,-0.0002617835998535156,841,424,0.0583273968997098,0.01439593015414364,0,1
644,650,-5.9604644775390625e-06,839,425,0.04551901841476222,0.021861567497253417,0,1
645,651,-7.224082946777344e-05,805,424,0.05696556412655374,0.023817533451431203,0,1
646,652,-0.0005359649658203125,806,413,0.0520067800659104,0.024162855910331228,0,1
647,653,0.0003094673156738281,812,418,0.06565573980361958,0.010555888334529822,0,1
648,654,-0.00013446807861328125,774,420,0.0507540785989096,0.01817369092078436,0,1
649,655,-0.0004069805145263672,815,419,0.06415191047762069,0.026187217747681464,0,1
650,656,0.00030994415283203125,810,427,0.06628264939343488,0.01714243403084105,0,1
651,657,-0.00021648406982421875,792,424,0.06167228399503111,0.02586587462222801,0,1
652,658,-0.00012040138244628906,826,416,0.047744749677671935,0.017082710105639238,0,1
653,659,1.5497207641601562e-05,872,450,0.05702234271469466,0.012201260328292846,0,1
654,660,-0.00012135505676269531,871,445,0.04612634615837912,0.02676919846052534,0,1
655,661,-6.532669067382812e-05,881,442,0.05266230371563984,0.02497230652230897,0,1
656,662,-0.0002193450927734375,845,385,0.0480767630261077,0.017623298508780343,0,1
657,663,-0.0001327991485595703,805,427,0.05999229502233659,0.019740189266428176,0,1
658,664,-0.0001506805419921875,821,386,0.043995453146865975,0.014488979170359477,0,1
659,665,-0.00023317337036132812,798,408,0.05179432056900254,0.019885373612244923,0,1
660,666,-0.00010442733764648438,825,439,0.04980118159091834,0.028390655484992443,0,1
661,667,-2.1219253540039062e-05,857,459,0.040767917068307846,0.024612069389659076,0,1
662,668,-0.0003032684326171875,903,460,0.04249817859030773,0.01830728274324666,0,1
663,669,2.4557113647460938e-05,893,514,0.0479898549541247,0.016738231659863247,0,1
664,670,-8.20159912109375e-05,944,482,0.037169498786077663,0.016095975127952227,0,1
665,671,5.3882598876953125e-05,990,526,0.03992468503990559,0.015036120727488297,0,1
666,672,-8.96453857421875e-05,1000,528,0.036746270537376405,0.020632407317558926,0,1
667,673,-7.677078247070312e-05,1045,489,0.03807324872632917,0.012782053713418224,0,1
668,674,-6.961822509765625e-05,1012,446,0.04108218348073394,0.020887424726657267,0,1
669,675,-0.0001246929168701172,1001,474,0.04245652066363202,0.01329276959101359,0,1
670,676,0.000213623046875,987,482,0.04242855026608422,0.013975928556869634,0,1
671,677,-0.0001621246337890625,952,466,0.033650528545640095,0.021304522589040926,0,1
672,678,-0.00025463104248046875,950,480,0.037850075709192375,0.013521908720334371,0,1
673,679,-8.821487426757812e-05,947,481,0.04225153574344349,0.02015144190520606,0,1
674,680,-0.0001823902130126953,960,483,0.03525150970866283,0.024549969358227022,0,1
675,681,-0.0003914833068847656,984,504,0.04891493595470258,0.020820994580548906,0,1
676,682,-9.608268737792969e-05,980,440,0.03551843908368325,0.018871507861397484,0,1
677,683,-0.0001475811004638672,923,450,0.02964276204517319,0.013769836160871718,0,1
678,684,-0.0006988048553466797,842,377,0.028690366662879455,0.024933317137649902,1,1
679,685,0.00020813941955566406,853,408,0.04027578349968752,0.01477502943838344,0,1
680,686,-0.0003876686096191406,846,427,0.04183505429725557,0.023569855812841052,0,1
681,687,0.00022172927856445312,917,443,0.04624915025486421,0.01293207748748917,0,1
682,688,0.00015473365783691406,947,449,0.058258778442173344,0.018708477041503635,0,1
683,689,0.00018310546875,946,464,0.05129110340588189,0.029338411087619847,0,1
684,690,-7.62939453125e-05,1002,473,0.04534339738225271,0.01394670899272217,0,1
685,691,-4.9591064453125e-05,1007,471,0.04119161632588982,0.015494884705594137,0,1
686,692,-9.417533874511719e-05,1031,457,0.043245908476332806,0.019942303976814388,0,1
687,693,-8.559226989746094e-05,984,446,0.04656831780827143,0.02617601027937748,0,1
688,694,-0.00012540817260742188,966,418,0.03902639723218993,0.024904278049058322,0,1
689,695,-0.00011134147644042969,970,422,0.05153274419381446,0.024063429137541784,0,1
690,696,1.049041748046875e-05,968,426,0.03983833388356138,0.014339095969715028,0,1
691,697,-0.0002205371856689453,963,442,0.03534335516942501,0.009810869914913608,0,1
692,698,-0.00027060508728027344,948,448,0.04485663243486911,0.0155460476609213,0,1
693,699,-0.0006020069122314453,953,436,0.042331409917172956,0.020885046332254322,0,1
694,700,0.00018548965454101562,958,443,0.04813351293944118,0.011424816085307378,0,1
695,701,-0.00015425682067871094,927,482,0.03515908189576035,0.01861823371831807,0,1
696,702,-0.00017571449279785156,978,437,0.03918318685090859,0.020623576859314874,0,1
697,703,-0.0001933574676513672,911,390,0.05254554231656239,0.017813828052618566,0,1
698,704,-9.298324584960938e-06,834,373,0.03491679412855519,0.02577932862110496,0,1
699,705,-5.5789947509765625e-05,816,374,0.033448023173738926,0.020493465789499128,0,1
700,706,-0.00021076202392578125,852,391,0.04664224442182013,0.024128040236890164,0,1
701,707,1.33514404296875e-05,866,384,0.04208004495288153,0.018239778466522694,0,1
702,708,-2.1696090698242188e-05,916,443,0.042946690490152116,0.015417493358422617,0,1
703,709,-0.00012564659118652344,941,463,0.04055544350783199,0.019237847101611142,0,1
704,710,-0.00011897087097167969,997,452,0.037505492881882034,0.02086762925692364,0,1
705,711,1.6450881958007812e-05,990,455,0.03993611522395201,0.016103779483627487,0,1
706,712,-0.00011396408081054688,1008,451,0.042619798155057995,0.025215001301860596,0,1
707,713,3.647804260253906e-05,1009,443,0.043674475492169296,0.014371491716354748,0,1
708,714,-2.1219253540039062e-05,975,444,0.04487444064556024,0.018502506049903663,0,1
709,715,-0.00011944770812988281,968,442,0.05076843524767347,0.029162844921129322,0,1
710,716,-8.082389831542969e-05,989,438,0.03993369456610376,0.022484288640218238,0,1
711,717,-0.0002422332763671875,984,422,0.04532277765797406,0.027206872453056804,0,1
712,718,-0.00018477439880371094,994,427,0.038957315791300844,0.020970501860634226,0,1
713,719,-0.0003113746643066406,949,421,0.0476519174018072,0.018649438781013397,0,1
714,720,-0.0002231597900390625,951,415,0.048206542819331,0.020401411458670374,0,1
715,721,-0.00021457672119140625,935,382,0.04387983791330919,0.020055866678347762,0,1
716,722,-0.0001323223114013672,944,371,0.03361243918790656,0.018997055019008502,0,1
717,723,9.775161743164062e-06,927,388,0.04288394956527019,0.028963374876484427,0,1
718,724,-0.0001251697540283203,935,400,0.04002125537331729,0.01118730440735817,0,1
719,725,-0.00011444091796875,937,411,0.03442227624142055,0.015046550264613762,0,1
720,726,0.00022077560424804688,929,404,0.03532277761414182,0.023014134552219127,0,1
721,727,-0.00010538101196289062,959,413,0.042927199720217614,0.01769594635282244,0,1
722,728,-7.796287536621094e-05,943,427,0.04001689336459179,0.019778133415784993,0,1
723,729,-4.5299530029296875e-06,982,425,0.04218892416254809,0.014981656495262594,0,1
724,730,-0.00023126602172851562,988,410,0.03807236767008237,0.015598870486747927,0,1
725,731,-8.416175842285156e-05,973,393,0.04413359383272365,0.02424706241860038,0,1
726,732,-0.00018596649169921875,985,389,0.051613795152170405,0.020112422713890174,0,1
727,733,-0.00011944770812988281,977,408,0.043311644173937416,0.028884580906699684,0,1
728,734,-8.845329284667969e-05,973,415,0.04402375778705954,0.016768104053405394,0,1
729,735,-0.0002486705780029297,988,410,0.047454807379467764,0.018946090558680094,0,1
730,736,5.698204040527344e-05,1021,423,0.04644777311283975,0.01693604051644075,0,1
731,737,-0.0003457069396972656,1003,417,0.05187141722957729,0.018542375781839128,0,1
732,738,-2.86102294921875e-06,1030,410,0.054297922247821845,0.023593288369295074,0,1
733,739,3.0040740966796875e-05,986,431,0.0494455191595801,0.02382645571038231,0,1
734,740,-0.00028514862060546875,987,424,0.03791660903797323,0.02611619065392692,0,1
735,741,3.337860107421875e-05,1029,434,0.039877113494279894,0.01506604082573394,0,1
736,742,-9.465217590332031e-05,1017,429,0.03643645713931808,0.02739972390217103,0,1
737,743,-0.00011396408081054688,1030,437,0.03793749861346865,0.021544997015588617,0,1
738,744,7.605552673339844e-05,1036,413,0.043253609687665256,0.028592128586249547,0,1
739,745,-0.0001437664031982422,989,422,0.039231381474177686,0.02201636622867313,0,1
740,746,-0.00013637542724609375,968,419,0.036558235171905235,0.02224232914339671,0,1
741,747,-0.0004973411560058594,971,413,0.0322167853739431,0.022697183756793672,0,1
742,748,0.0003330707550048828,983,433,0.026454084402183307,0.020588523245848905,0,1
743,749,-0.0001480579376220703,1003,437,0.03956179372810295,0.01938724108637061,0,1
744,750,-0.0001823902130126953,984,411,0.03932267003427676,0.022461613309354388,0,1
745,751,-0.00022983551025390625,957,427,0.04226406795228661,0.015960592296698613,0,1
746,752,-2.3365020751953125e-05,1020,397,0.04143469608297535,0.02734912823069306,0,1
747,753,-0.00018835067749023438,950,386,0.04411128495868884,0.026208391615763847,0,1
748,754,-0.00013136863708496094,954,402,0.04501099512761994,0.01935130935996326,0,1
749,755,1.6689300537109375e-05,1026,376,0.04684799119510613,0.023843807901473755,0,1
750,756,-0.00011849403381347656,977,374,0.0461160657715773,0.024368547022661422,0,1
751,757,-6.771087646484375e-05,972,368,0.02705627305762758,0.029797462503547253,0,1
752,758,-0.00020384788513183594,942,395,0.04405850943992599,0.0201001304614393,0,1
753,759,-7.62939453125e-06,954,390,0.044805859494759105,0.017049249166097395,0,1
754,760,-4.2438507080078125e-05,931,375,0.04083801288993991,0.02498472054799398,0,1
755,761,-1.7404556274414062e-05,946,373,0.042882284830791,0.02132323152577909,0,1
756,762,-0.0002689361572265625,942,366,0.04260910576063103,0.02759789329408948,0,1
757,763,-0.00017642974853515625,950,390,0.04904930735889234,0.01615022206917787,0,1
758,764,-7.581710815429688e-05,955,366,0.04773161523629234,0.03453225874509968,0,1
759,765,-7.843971252441406e-05,957,381,0.04176825403295216,0.024564422960356463,0,1
760,766,-0.00016880035400390625,949,385,0.04610225844056639,0.025010724810810833,0,1
761,767,-0.0001437664031982422,940,387,0.04915467126572386,0.028856378347066638,0,1
762,768,-4.172325134277344e-05,966,388,0.04666169330200053,0.03317400813102722,0,1
763,769,-0.00014543533325195312,972,397,0.04229444099797143,0.020236396669440666,0,1
764,770,-2.384185791015625e-06,980,378,0.0428051730199736,0.023660265106372733,0,1
765,771,-0.00013256072998046875,933,396,0.048323147358235057,0.01993049139326269,0,1
766,772,-0.00011110305786132812,977,382,0.04799253297559802,0.025369053111650556,0,1
767,773,-4.5299530029296875e-06,962,402,0.04625107035071835,0.03597896905680794,0,1
768,774,-0.000156402587890625,939,380,0.03997207697207174,0.028938873504337513,0,1
769,775,-9.465217590332031e-05,945,392,0.03354626389407607,0.02755110832501431,0,1
770,776,-0.00017905235290527344,956,412,0.03626190331690481,0.020899266293905313,0,1
771,777,-0.0001862049102783203,970,433,0.042529109581229615,0.011600202968985049,0,1
772,778,-0.0001404285430908203,956,427,0.04032048389752041,0.019674568321442435,0,1
773,779,-0.0001552104949951172,1007,421,0.03686934241945481,0.02479000201984143,0,1
774,780,-0.0003597736358642578,1026,428,0.03933973630734122,0.022117575613137718,0,1
775,781,0.00019979476928710938,1010,437,0.038119830412439784,0.023148013743437675,0,1
776,782,-7.200241088867188e-05,1040,437,0.03670959690442452,0.014601556605550736,0,1
777,783,-0.00014352798461914062,1062,447,0.041577987358843986,0.018531565964888672,0,1
778,784,-0.00010132789611816406,1083,441,0.04820518392384988,0.022737407495105076,0,1
779,785,-0.0001239776611328125,1062,418,0.04429456501806299,0.024716055849522495,0,1
780,786,-0.0001506805419921875,1042,417,0.04563981151626572,0.025714230194366236,0,1
781,787,-9.34600830078125e-05,1046,411,0.03808808850968545,0.027401931384474113,0,1
782,788,-7.605552673339844e-05,984,380,0.04001069941171786,0.02525999875445115,0,1
783,789,-0.00021219253540039062,953,350,0.04406649011880128,0.019206904683794292,0,1
784,790,2.384185791015625e-05,927,354,0.03588311674782631,0.022355710887639536,0,1
785,791,-6.29425048828125e-05,909,366,0.037884493078729105,0.02165173393129651,0,1
786,792,-0.0004017353057861328,899,387,0.04611924366903252,0.020982333702018404,0,1
787,793,4.1961669921875e-05,919,378,0.0466700228695252,0.019593649598025772,0,1
788,794,-0.00017905235290527344,917,389,0.03893132181178002,0.029585172553908242,0,1
789,795,-0.0001544952392578125,989,413,0.04695182761480642,0.025128679327468317,0,1
790,796,-1.8358230590820312e-05,1034,454,0.04546485567461822,0.022994388830294168,0,1
791,797,-6.651878356933594e-05,1080,447,0.03686511566241582,0.02136177131260268,0,1
792,798,3.647804260253906e-05,1103,449,0.04701055895709386,0.02580218870018532,0,1
793,799,1.9311904907226562e-05,1120,437,0.04626157879829407,0.02359356637404767,0,1
794,800,-1.52587890625e-05,1107,402,0.04472306820327566,0.022624127307341466,0,1
795,801,-0.00017762184143066406,1060,418,0.036875946285589684,0.02110788782247516,0,1
796,802,2.2649765014648438e-05,1038,400,0.05018593574764641,0.01877330556511879,0,1
797,803,-0.0004315376281738281,990,380,0.04091000087333448,0.02799735398668992,0,1
798,804,0.00018334388732910156,1011,382,0.04073867717671229,0.031898436121915646,0,1
799,805,-0.00030231475830078125,985,389,0.04398365287006204,0.01680506241045758,0,1
800,806,-6.246566772460938e-05,991,433,0.04921397341248005,0.030619217809848918,0,1
801,807,-0.00018072128295898438,997,436,0.03995195135788071,0.03476103689145604,0,1
802,808,-0.00017333030700683594,1051,384,0.0446020574596924,0.0236466887096564,0,1
803,809,-0.000213623046875,941,347,0.03768443282175014,0.021783384878284993,0,1
804,810,-0.0004191398620605469,884,350,0.044723604329570926,0.022657076290675572,0,1
805,811,-6.29425048828125e-05,830,373,0.05238912170191845,0.02883073407906949,0,1
806,812,-0.00036025047302246094,889,384,0.037287600263031316,0.02235098695382476,0,1
807,813,0.00016260147094726562,942,385,0.047638966083020415,0.02354692267133044,0,1
808,814,-0.00010061264038085938,925,378,0.03608337350793787,0.030706689471290224,0,1
809,815,2.47955322265625e-05,974,387,0.05632486755843035,0.026247842829356823,0,1
810,816,-0.0003662109375,1042,425,0.05250159014667064,0.019375201253330008,0,1
811,817,0.0005850791931152344,1095,419,0.04514553334615002,0.023641574781094646,0,1
812,818,1.6689300537109375e-05,1130,450,0.040462941353299975,0.030342576371298897,0,1
813,819,-0.0001423358917236328,1108,415,0.03861983577697286,0.024801882203803007,0,1
814,820,-2.765655517578125e-05,1056,384,0.048620491655487,0.028386858912805717,0,1
815,821,-6.794929504394531e-05,1009,387,0.047147316786177215,0.017922826207577413,0,1
816,822,-0.00014734268188476562,996,390,0.049626625864860045,0.01843158511015085,0,1
817,823,-0.00017714500427246094,996,407,0.04420330815286522,0.019302861110584157,0,1
818,824,-0.00022649765014648438,1057,431,0.048773442108673994,0.02273478723733995,0,1
819,825,-0.00012922286987304688,1053,431,0.05346371045252989,0.018441193203361846,0,1
820,826,-0.0006701946258544922,1054,395,0.048215766106882406,0.024176441717751417,0,1
821,827,1.2874603271484375e-05,1006,360,0.04635225577098475,0.013776644898785485,0,1
822,828,-0.00018143653869628906,934,346,0.04123732881576653,0.022841504371235135,0,1
823,829,-0.00013518333435058594,856,349,0.049221636535965396,0.02884715949225221,0,1
824,830,-0.00011992454528808594,893,348,0.05149393599618055,0.01679365662322647,0,1
825,831,-6.604194641113281e-05,908,358,0.054744577814828985,0.028986050596450295,0,1
826,832,-0.00016260147094726562,936,366,0.059995583043648645,0.024793635626308253,0,1
827,833,-2.6226043701171875e-05,918,382,0.06189309648179281,0.016227979310520033,0,1
828,834,-8.749961853027344e-05,949,417,0.05067955536887568,0.01826089248954535,0,1
829,835,9.489059448242188e-05,1038,446,0.042301569945090996,0.0298580731778936,0,1
830,836,-0.0002868175506591797,1043,459,0.0470792236858452,0.026377598964051223,0,1
831,837,0.00044608116149902344,1138,465,0.04593371124594409,0.021458371864852086,0,1
832,838,-0.00013017654418945312,1122,450,0.057187724772196614,0.027881388399336075,0,1
833,839,-2.9325485229492188e-05,1116,441,0.05534837664669132,0.02596759620437276,0,1
834,840,-0.00022935867309570312,1063,395,0.049997615567491736,0.03592234367056738,0,1
835,841,-4.315376281738281e-05,1010,402,0.04782763560219566,0.03446446366571075,0,1
836,842,-0.0005681514739990234,957,389,0.04942634686158119,0.026926588429889826,0,1
837,843,0.000354766845703125,992,418,0.06561137134990384,0.023583410031487496,0,1
838,844,-6.461143493652344e-05,1004,398,0.054753413594576465,0.024652058904494473,0,1
839,845,-0.0003910064697265625,1048,449,0.046530871445896065,0.02404463317718166,0,1
840,846,-0.00014138221740722656,1073,412,0.06002441629114711,0.0321742174694839,0,1
841,847,-0.0002892017364501953,1015,417,0.05103525950990874,0.033164427005987374,0,1
842,848,-0.0003325939178466797,951,357,0.055519788235143905,0.02730311015072991,0,1
843,849,5.340576171875e-05,792,355,0.04612567290814236,0.035398015673731416,0,1
844,850,-3.62396240234375e-05,802,351,0.04571678662240654,0.01624391170648428,0,1
845,851,-0.00035452842712402344,887,389,0.047141802216866376,0.028789990512141837,0,1
846,852,8.058547973632812e-05,900,374,0.05317210733890534,0.034328080434850194,0,1
847,853,-0.00022268295288085938,946,393,0.043020874009827986,0.01619710661376099,0,1
848,854,7.104873657226562e-05,963,399,0.058935052385458944,0.012065658742622625,0,1
849,855,-3.600120544433594e-05,1013,428,0.06338733628848227,0.028705222305850448,0,1
850,856,-5.9604644775390625e-06,1032,477,0.058455634429011236,0.016607966063157568,0,1
851,857,-8.869171142578125e-05,1098,420,0.050178041169335066,0.02982180146943955,0,1
852,858,-5.173683166503906e-05,1099,448,0.05745465149111483,0.013840730035943645,0,1
853,859,-0.00014853477478027344,1090,429,0.052741691825586724,0.02111385627226396,0,1
854,860,-1.7642974853515625e-05,1086,409,0.05502580240725593,0.024809570650599695,0,1
855,861,-7.867813110351562e-05,995,425,0.04971994664800826,0.021645557319416718,0,1
856,862,-0.00017595291137695312,1001,419,0.060558844279576016,0.030517160038959438,0,1
857,863,-0.00011920928955078125,1043,461,0.06170061347811471,0.02127401857210602,0,1
858,864,-0.00014591217041015625,1073,439,0.05909914239366146,0.03301352303229052,0,1
859,865,-0.00016546249389648438,1060,445,0.06483506273548557,0.01584353500537658,0,1
860,866,-0.00024580955505371094,1071,432,0.05292790020658634,0.029539072265227635,0,1
861,867,-0.00026035308837890625,956,371,0.051700806829719864,0.025939893369083457,0,1
862,868,-0.0001957416534423828,841,313,0.04549246310620756,0.030373224435142055,0,1
863,869,-0.0002722740173339844,693,319,0.05139977883810949,0.03706489872409258,0,1
864,870,-6.222724914550781e-05,728,344,0.06021483398073322,0.018938742404760317,0,1
865,871,-8.96453857421875e-05,845,402,0.048550694651857636,0.028942689373718564,0,1
866,872,-9.036064147949219e-05,886,402,0.056321792691340564,0.02655122380944627,0,1
867,873,-0.000179290771484375,891,415,0.058810262032497077,0.025259838621300386,0,1
868,874,8.821487426757812e-06,975,414,0.0639429994729849,0.013673929488601315,0,1
869,875,9.965896606445312e-05,1049,475,0.05379365988295912,0.02650219202041626,0,1
870,876,-9.5367431640625e-07,1054,484,0.05345015632133556,0.03098988496074992,0,1
871,877,-4.9591064453125e-05,1134,462,0.06065704877204155,0.025048960984011232,0,1
872,878,-1.52587890625e-05,1168,478,0.06206165233703509,0.025516672613231706,0,1
873,879,-0.000202178955078125,1159,479,0.0590553028610269,0.02930671349945546,0,1
874,880,3.552436828613281e-05,1124,429,0.05473107693458367,0.02678320471779172,0,1
875,881,-0.00024366378784179688,991,428,0.06121863468383804,0.02038288130381397,0,1
876,882,-0.00020241737365722656,1006,423,0.06310753266569634,0.03163411769461125,0,1
877,883,8.130073547363281e-05,1031,460,0.056396764707611555,0.02928071475547293,0,1
878,884,-0.00022792816162109375,1069,471,0.06103310014066348,0.020920525057806838,0,1
879,885,-0.00017380714416503906,1087,458,0.05688341407460035,0.02522804500234179,0,1
880,886,-0.00010561943054199219,1073,443,0.046697665849580794,0.017820928086007423,0,1
881,887,-0.0003006458282470703,993,415,0.05731858671731939,0.021273035744586624,0,1
882,888,-0.00028705596923828125,945,376,0.04861694807728762,0.02046960782497487,0,1
883,889,-0.0006566047668457031,837,366,0.055772494600380335,0.02989355250785911,0,1
884,890,0.0002884864807128906,832,411,0.05734970707159776,0.02631927160160965,0,1
885,891,-9.608268737792969e-05,868,397,0.05829754725853968,0.02216716767558523,0,1
886,892,7.510185241699219e-05,881,417,0.05546109143234409,0.02564370332004355,0,1
887,893,-4.935264587402344e-05,956,430,0.06717287035167965,0.016558678205623182,0,1
888,894,3.075599670410156e-05,967,436,0.048119739083247695,0.018076105538858186,0,1
889,895,-6.389617919921875e-05,997,454,0.06002156700987515,0.017245762017329885,0,1
890,896,-0.0001323223114013672,1039,471,0.0535667594289183,0.01755187617745369,0,1
891,897,-3.528594970703125e-05,1130,489,0.05896934597893099,0.013968649451718008,0,1
892,898,8.535385131835938e-05,1164,470,0.054484079588729493,0.025908553853948066,0,1
893,899,-0.0001277923583984375,1128,498,0.06403584149501003,0.013194549394898626,0,1
894,900,-0.0001735687255859375,1120,458,0.057358890718647415,0.02320356517379461,0,1
895,901,-0.0001895427703857422,1103,498,0.05206678087670265,0.026068959250507586,0,1
896,902,-0.00011110305786132812,1079,444,0.06556474521714742,0.014755191298218461,0,1
897,903,-0.00017023086547851562,1032,461,0.06276552269394084,0.02236323527296815,0,1
898,904,-0.00014352798461914062,1060,473,0.06031416244101974,0.022251807231983726,0,1
899,905,-9.918212890625e-05,1103,460,0.0581844242615583,0.02297319938307223,0,1
900,906,-0.0002753734588623047,1102,460,0.06874046616675417,0.01774978948676068,0,1
901,907,-0.00022149085998535156,1076,431,0.05057570282854555,0.015638187285642337,0,1
902,908,-0.00016450881958007812,1050,408,0.05771389603614807,0.015146041617673986,0,1
903,909,-9.274482727050781e-05,1022,383,0.05983497631059934,0.01773651617314112,0,1
904,910,-0.00021004676818847656,957,402,0.06321791757984221,0.013672462595042898,0,1
905,911,4.744529724121094e-05,907,385,0.05331293218322468,0.02533478767840893,0,1
906,912,-2.0503997802734375e-05,909,383,0.056251045959879724,0.007993759903521825,0,1
907,913,-3.7670135498046875e-05,936,388,0.06611959750835712,0.027338301244470262,0,1
908,914,-0.0002956390380859375,905,388,0.061865383221958226,0.027769471566701672,0,1
909,915,2.4080276489257812e-05,931,440,0.0631713925447679,0.016115868362513455,0,1
910,916,-8.273124694824219e-05,986,452,0.059346085992352714,0.020721981219485798,0,1
911,917,-0.00011157989501953125,1009,502,0.05720112280046975,0.022078499376061426,0,1
912,918,-2.3126602172851562e-05,1098,485,0.05269818857502199,0.02223861979455063,0,1
913,919,3.075599670410156e-05,1150,494,0.05575040977934132,0.01752180850457566,0,1
914,920,-2.574920654296875e-05,1151,488,0.05880135271882721,0.016772960053115595,0,1
915,921,-0.00028824806213378906,1095,460,0.07025591499729243,0.012558259653008502,0,1
916,922,0.00018787384033203125,1056,460,0.050455938573136475,0.023867135721704236,0,1
917,923,-0.0002353191375732422,1067,431,0.05906126805299224,0.019207165302090743,0,1
918,924,-0.00010037422180175781,1033,482,0.05791777199258647,0.01944760081679,0,1
919,925,-7.152557373046875e-06,1102,477,0.06412256726768618,0.012636829847059909,0,1
920,926,-0.00015926361083984375,1095,479,0.05803980043489639,0.012881007846561503,0,1
921,927,-0.0003218650817871094,1110,430,0.059716222039214124,0.020373561077339706,0,1
922,928,-0.00019049644470214844,975,436,0.0553739246343955,0.020010557880095387,0,1
923,929,-0.0003864765167236328,941,397,0.0606094568366072,0.0363163975083858,0,1
924,930,-0.00016236305236816406,901,386,0.060159848612236,0.031854404995478494,0,1
925,931,-7.724761962890625e-05,882,393,0.06167159194038028,0.02737252903348617,0,1
926,932,8.535385131835938e-05,967,402,0.06806741659495799,0.02315311660220967,0,1
927,933,-0.000102996826171875,989,457,0.06156960657079251,0.020758308388732976,0,1
928,934,-8.344650268554688e-06,1069,462,0.05832153581034033,0.019943919790771616,0,1
929,935,-6.67572021484375e-05,1107,492,0.0534306206246594,0.02043501960068214,0,1
930,936,-0.00028967857360839844,1139,440,0.06701999667237159,0.007072638246146116,0,1
931,937,0.000156402587890625,1152,459,0.07825356530439523,0.012562840592627432,0,1
932,938,0.000152587890625,1098,442,0.06170907741470198,0.015807408013494846,0,1
933,939,9.822845458984375e-05,1104,470,0.06626998789716458,0.017589573784077422,0,1
934,940,-0.0002548694610595703,1087,460,0.06325192597335703,0.01633130830267201,0,1
935,941,-0.00011563301086425781,1074,470,0.06244179517641192,0.02628527917760484,0,1
936,942,-8.58306884765625e-05,1126,463,0.06148508053478085,0.015362853236641277,0,1
937,943,-0.00024819374084472656,1077,469,0.0689948495051987,0.037701263229475854,0,1
938,944,-0.0003445148468017578,1038,417,0.07153349431493608,0.022724564841611207,0,1
939,945,-0.00022292137145996094,1028,400,0.07184689663031686,0.021567987203598024,0,1
940,946,-0.0005025863647460938,927,359,0.06590342444509364,0.01713748263781449,0,1
941,947,-0.0006053447723388672,880,401,0.0687562492760745,0.022533979053211927,0,1
942,948,0.00030422210693359375,931,418,0.06276365951359848,0.02158721682557649,0,1
943,949,-7.128715515136719e-05,1038,454,0.07227569916115101,0.032192645093943054,0,1
944,950,8.249282836914062e-05,1060,450,0.0766133872405538,0.019137619336446126,0,1
945,951,-9.775161743164062e-06,1097,458,0.06615257029546426,0.03347387063971773,0,1
946,952,0.0002815723419189453,1121,471,0.059877819880962795,0.022549853076853824,0,1
947,953,-2.193450927734375e-05,1112,423,0.06393731374749177,0.012237972401558085,0,1
948,954,-8.106231689453125e-06,1089,451,0.06718293360551636,0.02257733730942077,0,1
949,955,-0.0002605915069580078,1071,434,0.06273571477662059,0.023998507019561556,0,1
950,956,7.605552673339844e-05,1079,461,0.057499460813842294,0.021892901227169078,0,1
951,957,-0.0002524852752685547,1109,466,0.06518363673155968,0.034315277194772155,0,1
952,958,-0.00028514862060546875,1087,429,0.06725631367754475,0.03112699754866131,0,1
953,959,-0.00010514259338378906,1055,417,0.0634574391265616,0.026240561077063032,0,1
954,960,-0.0003285408020019531,1020,401,0.061779649526465176,0.04578240568798379,0,1
955,961,-0.00019860267639160156,948,382,0.06198744130033984,0.02242175072275531,0,1
956,962,-0.0003287792205810547,859,391,0.06737689235018907,0.023068545114658678,0,1
957,963,-8.893013000488281e-05,887,361,0.06795672546513588,0.026839777868540332,0,1
958,964,-0.00013065338134765625,907,382,0.06112901601928072,0.023137420259845193,0,1
959,965,-5.91278076171875e-05,900,408,0.0758201852771971,0.03594919834651199,0,1
960,966,0.00018310546875,963,421,0.07839645694473203,0.019893593714526033,0,1
961,967,-0.00010442733764648438,1005,437,0.06456393477928579,0.021718391291882407,0,1
962,968,-7.009506225585938e-05,1078,454,0.06711368818451169,0.03862673648128426,0,1
963,969,1.9550323486328125e-05,1132,468,0.05540334672894158,0.034837716410302706,0,1
964,970,-0.0001652240753173828,1141,455,0.061679483400323115,0.023200045182154728,0,1
965,971,-9.465217590332031e-05,1149,446,0.06946796614569721,0.034837891569052044,0,1
966,972,2.1219253540039062e-05,1111,444,0.0686435665663677,0.032649004781568375,0,1
967,973,5.7697296142578125e-05,1083,455,0.07004995051073125,0.026416043789832148,0,1
968,974,-6.67572021484375e-05,1111,463,0.06623176638871887,0.029264803839038823,0,1
969,975,-0.00026726722717285156,1082,431,0.05726561754556328,0.035227497464819464,0,1
970,976,3.337860107421875e-06,1108,422,0.06543658049743528,0.0334517710016802,0,1
971,977,-0.00027561187744140625,1041,423,0.06570395440807947,0.047670190497774885,0,1
972,978,-0.0003948211669921875,1052,367,0.06854165886518167,0.03639975295729468,0,1
973,979,-9.059906005859375e-06,997,338,0.05683468038602961,0.03283373579471069,0,1
974,980,-9.489059448242188e-05,857,323,0.07587603002334559,0.03539262282959079,0,1
975,981,-0.00024318695068359375,826,333,0.07209845865032574,0.02302331716806681,0,1
976,982,-0.00029754638671875,886,360,0.06652542060707815,0.025457752578788333,0,1
977,983,2.9802322387695312e-05,884,337,0.06973143380421859,0.04293349429478631,0,1
978,984,-0.00014495849609375,891,356,0.051978063904476485,0.03152829140759586,0,1
979,985,-0.0001850128173828125,931,395,0.056121480580175215,0.02915760957742039,0,1
980,986,0.0001621246337890625,985,387,0.07332747145957753,0.04916656972209921,0,1
981,987,7.05718994140625e-05,1004,379,0.0677262172399764,0.02650652806173843,0,1
982,988,-0.00015807151794433594,989,397,0.06451442888942599,0.04652131819905202,0,1
983,989,7.390975952148438e-05,1022,367,0.0724240304089339,0.024615505735620817,0,1
984,990,-0.00010037422180175781,1035,392,0.08089892559005442,0.04106044845313442,0,1
985,991,-0.0005049705505371094,1044,372,0.07649656941835907,0.048039069098811,0,1
986,992,4.5299530029296875e-05,1064,376,0.07705731415434887,0.02967277264341395,0,1
987,993,9.322166442871094e-05,1043,380,0.07936371018536825,0.04844666374357123,0,1
988,994,-0.00024390220642089844,1036,367,0.07940346808046908,0.044527467005259336,0,1
989,995,-0.0002396106719970703,1026,346,0.06904495244602478,0.04255453578998588,0,1
990,996,-0.0003075599670410156,1006,361,0.0794287671744231,0.03954960814473371,0,1
991,997,-5.1975250244140625e-05,1022,351,0.07737257901703075,0.034490765329779384,0,1
992,998,-6.866455078125e-05,947,332,0.07411146591935767,0.03947780487767185,0,1
993,999,-0.00021409988403320312,939,338,0.0818693352202638,0.0402391438300793,0,1
994,1000,-9.179115295410156e-05,899,340,0.08117738714207531,0.03104242840233971,0,1
995,1001,-1.71661376953125e-05,894,344,0.07694561236123378,0.043940328234849974,0,1
996,1002,-0.00011920928955078125,908,337,0.0798965171964158,0.041320982071341675,0,1
997,1003,-2.193450927734375e-05,909,349,0.08202148454286347,0.03432379633102854,0,1
998,1004,1.5974044799804688e-05,918,361,0.08167309205256776,0.04218715792547633,0,1
999,1005,2.3365020751953125e-05,935,339,0.07889575964626781,0.03252336567482062,0,1
1000,1006,-6.270408630371094e-05,891,369,0.08733533046863697,0.045247059688981635,0,1
1001,1007,-0.00018167495727539062,899,350,0.07399166406062872,0.04502015948295593,0,1
1002,1008,-8.869171142578125e-05,888,339,0.08370839488935901,0.04381618035578095,0,1
1003,1009,-0.00016617774963378906,925,332,0.07438110106700176,0.03266770024615598,0,1
1004,1010,-0.0005555152893066406,881,331,0.08273832041613766,0.04027553573475864,0,1
1005,1011,0.00013065338134765625,877,346,0.07117702500170421,0.040926245767946186,0,1
1006,1012,-1.430511474609375e-05,922,351,0.09271460377213236,0.03666941155055989,0,1
1007,1013,-7.557868957519531e-05,939,345,0.07760646612372515,0.037296018738677536,0,1
1008,1014,-0.00013494491577148438,940,346,0.0996835948304927,0.04129912708536049,0,1
1009,1015,-4.982948303222656e-05,925,327,0.09089624920406857,0.03788833370267069,0,1
1010,1016,-0.0005168914794921875,929,347,0.08115452643487887,0.038690365013540305,0,1
1011,1017,0.0004191398620605469,882,357,0.09590931111722846,0.051937876796188144,0,1
1012,1018,-0.00037217140197753906,864,352,0.08647522012944575,0.05139022083445029,0,1
1013,1019,-5.793571472167969e-05,863,355,0.09046761717470331,0.03512339071488716,0,1
1014,1020,-0.00021886825561523438,864,378,0.08057619244964034,0.0608199899474149,0,1
1015,1021,4.5299530029296875e-05,873,321,0.08142060901700836,0.043062247776910895,0,1
1016,1022,-0.00010251998901367188,862,309,0.098684603611997,0.021771338186603532,0,1
1017,1023,-9.608268737792969e-05,852,323,0.09252805224326854,0.05038729060914125,0,1
1018,1024,-0.00014472007751464844,844,329,0.08351043142131155,0.0514651529694763,0,1
1019,1025,-1.1205673217773438e-05,834,345,0.08360547592028153,0.048941832521687385,0,1
1020,1026,-0.000141143798828125,895,355,0.09417321608719213,0.03659263446297444,0,1
1021,1027,-0.00015544891357421875,851,342,0.1109059866250752,0.04907256992239701,0,1
1022,1028,-6.461143493652344e-05,833,350,0.10793789416229596,0.050046501840863906,0,1
1023,1029,-0.0002090930938720703,855,333,0.10657934989148413,0.036091812380083334,0,1
1024,1030,1.1205673217773438e-05,826,360,0.1050117560651054,0.051819878154330784,0,1
1025,1031,-0.0006649494171142578,825,351,0.08930265036496249,0.052300596678698505,0,1
1026,1032,0.0003693103790283203,824,355,0.11239100399526578,0.04381581729566547,0,1
1027,1033,-3.075599670410156e-05,806,350,0.11405086073626951,0.03723349758556911,0,1
1028,1034,-0.0005762577056884766,814,358,0.10011828524181825,0.05080907870937326,0,1
1029,1035,0.000354766845703125,799,344,0.10677894864124111,0.04752960679836051,0,1
1030,1036,-0.0002148151397705078,833,348,0.1086999758952806,0.05786145555561986,0,1
1031,1037,-0.00015401840209960938,809,318,0.1267396540960069,0.03588858977803644,0,1
1032,1038,-0.00019812583923339844,787,341,0.10535236507692058,0.0437114390809515,0,1
1033,1039,5.340576171875e-05,846,342,0.12772745260391957,0.05471181869506836,0,1
1034,1040,-8.58306884765625e-05,791,345,0.10616298225224395,0.058203464141790416,0,1
1035,1041,3.6716461181640625e-05,819,350,0.12236695906763694,0.037756625243595666,0,1
1036,1042,-0.000232696533203125,805,338,0.1183717988292623,0.0473995062373799,0,1
1037,1043,-5.7220458984375e-05,823,331,0.1164825003897434,0.03852045932205062,0,1
1038,1044,-0.00017333030700683594,799,352,0.12271413442041161,0.05009021610021591,0,1
1039,1045,-0.00017833709716796875,855,377,0.11551225129623859,0.045502722421438685,0,1
1040,1046,-0.000164031982421875,862,353,0.13271572771039197,0.042172760700031314,0,1
1041,1047,-0.0002911090850830078,848,370,0.13341574019418573,0.04463236428595878,0,1
1042,1048,0.0001995563507080078,821,349,0.1335279748442693,0.03883269386510111,0,1
1043,1049,-0.0001595020294189453,818,364,0.12007698970493885,0.03746647052057497,0,1
1044,1050,-0.0004458427429199219,801,371,0.1238598239406962,0.030963011025739808,0,1
1045,1051,0.00037407875061035156,781,394,0.12735737415648302,0.06304223086628212,0,1
1046,1052,-0.0002224445343017578,800,393,0.12692062228918075,0.04249770162063094,0,1
1047,1053,-0.00022125244140625,814,396,0.12243417366716727,0.03730894008068123,0,1
1048,1054,7.867813110351562e-06,822,402,0.1258268948018986,0.039218241895609234,0,1
1049,1055,-0.00014591217041015625,807,389,0.12064571311187272,0.03880916401782195,0,1
1050,1056,-6.866455078125e-05,804,426,0.1279510046860472,0.04850095020773265,0,1
1051,1057,-0.00012922286987304688,812,385,0.11633034373445464,0.03911804239471237,0,1
1052,1058,-8.7738037109375e-05,810,409,0.12257535575348653,0.03167016159351414,0,1
1053,1059,-0.00016427040100097656,812,415,0.11837802107991843,0.047706694918942735,0,1
1054,1060,-0.00010180473327636719,798,398,0.1250267775733967,0.03963370898261142,0,1
1055,1061,2.5272369384765625e-05,825,435,0.120089667782639,0.044841602478904286,0,1
1056,1062,-0.00015687942504882812,840,439,0.1065175990263621,0.0495497881687312,0,1
1057,1063,-0.000179290771484375,843,431,0.13661633819023486,0.03303868684857185,0,1
1058,1064,-1.4781951904296875e-05,807,465,0.11210260581792952,0.040957967824833366,0,1
1059,1065,-0.00016736984252929688,811,485,0.11354287058739715,0.03580098447111464,0,1
1060,1066,-0.0001571178436279297,869,493,0.11042732302146623,0.05134227116257859,0,0
1061,1067,6.318092346191406e-05,852,506,0.10828577555681058,0.04967939123334621,0,0
1062,1068,-0.00015735626220703125,847,519,0.11228547714114048,0.04774875987701563,0,1
1063,1069,-0.0001583099365234375,828,524,0.10511440276235774,0.04927965122779817,0,0
1064,1070,-0.0001404285430908203,843,529,0.1084948704618859,0.03369685776517612,0,1
1065,1071,-4.1484832763671875e-05,820,511,0.1162329342307114,0.03043687075318189,0,1
1066,1072,-4.9114227294921875e-05,858,552,0.11093002043681822,0.0480199132276618,0,0
1067,1073,-0.00014901161193847656,811,525,0.13210678938431747,0.04363116184870402,0,1
1068,1074,-2.0742416381835938e-05,845,533,0.11232468320067818,0.03599731269070623,0,1
1069,1075,-0.00019812583923339844,847,571,0.13861753174940558,0.04050876662109028,0,1
1070,1076,-0.0001468658447265625,841,546,0.1379342303122975,0.036169012933423665,0,1
1071,1077,2.384185791015625e-06,816,576,0.14244291193637193,0.03674537885106272,0,1
1072,1078,-0.00014400482177734375,811,579,0.13501434967050424,0.041359304043501355,0,1
1073,1079,-0.0004363059997558594,817,611,0.12854209888813106,0.02732830986063531,0,1
1074,1080,0.00022602081298828125,806,598,0.11216395176373996,0.04962561850165045,0,0
1075,1081,-5.888938903808594e-05,830,620,0.12324764886534358,0.023368559633531877,0,1
1076,1082,-0.0002014636993408203,803,622,0.12770963286700315,0.03205113203962516,0,1
1077,1083,-0.0001456737518310547,799,608,0.13199773516613192,0.030597130620950146,0,1
1078,1084,-1.049041748046875e-05,783,614,0.10699071836958747,0.032281292377931675,0,1
1079,1085,-0.0003368854522705078,810,634,0.10613351501064536,0.03524153804177366,0,1
1080,1086,1.430511474609375e-05,843,659,0.126134847053288,0.03430225454802217,0,1
1081,1087,-2.3365020751953125e-05,815,652,0.13036913081912174,0.04960795551355631,0,0
1082,1088,-0.00011539459228515625,826,679,0.13524042405458686,0.047794292268064836,0,0
1083,1089,-0.0004267692565917969,819,653,0.11768585676384205,0.030918342048504816,0,1
1084,1090,0.00011849403381347656,842,698,0.13072222768552513,0.04392211416730908,0,0
1085,1091,-3.409385681152344e-05,857,676,0.12040295045879368,0.0370102294627026,0,0
1086,1092,-0.0001437664031982422,856,713,0.1182861587154531,0.03799594301328084,0,0
1087,1093,-0.00015234947204589844,856,698,0.13910327977109177,0.038703954834651125,0,0
1088,1094,-0.0001823902130126953,847,729,0.13162345334518055,0.041034838463216816,0,0
1089,1095,-0.00012445449829101562,892,709,0.15232973756276974,0.041153503658068705,0,0
1090,1096,9.5367431640625e-07,913,706,0.14666557364239227,0.03671821479081432,0,0
1091,1097,-0.00012922286987304688,930,699,0.1459452381057124,0.03480351960369105,0,1
1092,1098,-2.5033950805664062e-05,886,707,0.1308890614767914,0.03639978811123752,0,0
1093,1099,-0.0005404949188232422,867,716,0.1501581259802276,0.04303883881875257,0,0
1094,1100,0.00024056434631347656,880,757,0.14247789667411284,0.035462624330659206,0,0
1095,1101,-0.0004303455352783203,912,728,0.131760851006236,0.036747872501939206,0,0
1096,1102,0.0003170967102050781,899,748,0.14848253770717923,0.04460561522506775,0,0
1097,1103,-0.00026607513427734375,932,746,0.17036614065006567,0.04237269891810481,0,0
1098,1104,3.337860107421875e-06,960,765,0.15347712462147076,0.03522608880124061,0,0
1099,1105,-8.20159912109375e-05,896,751,0.14771511246051108,0.04499123861564301,0,0
1100,1106,-8.392333984375e-05,927,743,0.15583089762392424,0.04515854811764662,0,0
1101,1107,-7.152557373046875e-07,978,759,0.16631033199940234,0.045152328545239914,0,0
1102,1108,-0.00026702880859375,982,758,0.1723086563851343,0.040601020123524525,0,0
1103,1109,-0.0003178119659423828,959,756,0.17111961026137018,0.04645913823571785,0,0
1104,1110,-7.843971252441406e-05,946,782,0.16185007639717602,0.048081352963776844,0,0
1105,1111,-0.0001742839813232422,955,732,0.1580064606916218,0.0424402323576922,0,0
1106,1112,5.602836608886719e-05,952,725,0.18569299165441208,0.03472215438711232,0,0
1107,1113,5.9604644775390625e-06,993,699,0.1840028188980118,0.03748861019191824,0,0
1108,1114,-0.0002722740173339844,1008,727,0.1827320060914471,0.04309839838308678,0,0
1109,1115,-2.5987625122070312e-05,967,730,0.18439214059460865,0.04740006686889962,0,0
1110,1116,-0.00014925003051757812,1000,761,0.1824011998772621,0.03805217017638699,0,0
1111,1117,-8.034706115722656e-05,980,757,0.1652311623096466,0.03958040987642154,0,0
1112,1118,-7.963180541992188e-05,983,781,0.18316431175292083,0.03884175698369474,0,0
1113,1119,-0.00019884109497070312,971,803,0.18395363725913663,0.03922682087566903,0,0
1114,1120,-0.0002734661102294922,976,791,0.1806247766267081,0.04460775520647823,0,0
1115,1121,6.318092346191406e-05,970,785,0.20817605822356705,0.03822943199971679,0,0
1116,1122,-8.869171142578125e-05,1002,772,0.188558584856178,0.04013168078321249,0,0
1117,1123,-7.343292236328125e-05,991,764,0.18364362886286406,0.03344253282896511,0,0
1118,1124,-0.00014972686767578125,935,770,0.19051629196513784,0.04672685784178895,0,0
1119,1125,9.5367431640625e-07,919,751,0.1882828651107564,0.040178546099148484,0,0
1120,1126,-0.00011873245239257812,901,755,0.18021318670382908,0.045722417720895726,0,0
1121,1127,-0.00012183189392089844,901,749,0.18818514507168801,0.03533583091639072,0,0
1122,1128,-7.62939453125e-05,845,740,0.1940267030304,0.03646887991879438,0,0
1123,1129,-0.0003581047058105469,881,738,0.21124330721161286,0.036392881860577965,0,0
1124,1130,-0.0002503395080566406,893,759,0.18352057972520355,0.05645674215789212,0,0
1125,1131,0.00027060508728027344,882,756,0.19079616983461273,0.049141790895234974,0,0
1126,1132,-0.00027561187744140625,890,747,0.18026051360569642,0.03502222221379618,0,0
1127,1133,2.7894973754882812e-05,931,779,0.1947742075080134,0.03863723111244466,0,0
1128,1134,-0.0002503395080566406,909,773,0.18183469306780037,0.04536525583205525,0,0
1129,1135,-0.00013518333435058594,917,781,0.19142284498609918,0.03945592377768894,0,0
1130,1136,7.62939453125e-05,956,774,0.19175467749270436,0.042633582994303344,0,0
1131,1137,-0.00028324127197265625,908,761,0.19177266410531452,0.04236644647437859,0,0
1132,1138,-8.58306884765625e-05,899,782,0.1931408014525561,0.041759344699132776,0,0
1133,1139,-4.1961669921875e-05,912,768,0.1965156389694465,0.042864000579963125,0,0
1134,1140,3.5762786865234375e-06,890,751,0.20858028899417835,0.03694924033592925,0,0
1135,1141,-0.00025200843811035156,894,753,0.17139648464435434,0.03380128974775236,0,0
1136,1142,8.821487426757812e-06,890,773,0.2061421483420254,0.042763570301899784,0,0
1137,1143,-0.0002200603485107422,903,793,0.18871916977406075,0.040390581907269935,0,0
1138,1144,-9.72747802734375e-05,925,800,0.19048103203644623,0.04461971260607243,0,0
1139,1145,-0.00011610984802246094,938,796,0.17399881770615894,0.03918598023191768,0,0
1140,1146,4.744529724121094e-05,917,736,0.19205616312172577,0.0342601519887862,0,0
1141,1147,-0.0002713203430175781,915,790,0.2026563442469946,0.03142840009701403,0,1
1142,1148,-0.00010919570922851562,947,775,0.21494320138832584,0.03910140060609387,0,0
1143,1149,-0.00011110305786132812,908,773,0.2094829570879495,0.03815805711536482,0,0
1144,1150,-0.0001995563507080078,906,788,0.2238861896081213,0.03736025042037673,0,0
1145,1151,-0.00014209747314453125,912,758,0.22777426687248967,0.04890123780295842,0,0
1146,1152,-2.5987625122070312e-05,925,778,0.20715074745384424,0.039827957404609815,0,0
1147,1153,-0.0001220703125,942,760,0.22008418492703935,0.037703765301327956,0,0
1148,1154,-1.33514404296875e-05,980,750,0.237077340057918,0.040913552443186445,0,0
1149,1155,-7.081031799316406e-05,931,721,0.23707687137718486,0.038942748647126345,0,0
1150,1156,-0.00010156631469726562,947,735,0.25137249620310737,0.03857900788183926,0,0
1151,1157,-9.298324584960938e-05,971,718,0.22562548644019695,0.0378056430052914,0,0
1152,1158,-3.886222839355469e-05,953,740,0.2376292796350101,0.03982796789826574,0,0
1153,1159,-0.00013017654418945312,926,743,0.23349288402056848,0.04287248119852264,0,0
1154,1160,-2.2649765014648438e-05,926,733,0.2217715909748819,0.044160755643415255,0,0
1155,1161,-0.0002815723419189453,918,718,0.23671048717301396,0.047544345633233155,0,0
1156,1162,1.6689300537109375e-06,936,734,0.21814140314475083,0.02985607400252319,0,1
1157,1163,-0.0001628398895263672,929,765,0.20701688579388916,0.041265813821281486,0,0
1158,1164,-9.059906005859375e-05,946,771,0.21544707741344202,0.043728708602420396,0,0
1159,1165,-4.7206878662109375e-05,911,761,0.2151405802804212,0.038093040086593324,0,0
1160,1166,-9.846687316894531e-05,952,757,0.21944719815955444,0.039537167769599625,0,0
1161,1167,-5.650520324707031e-05,899,749,0.21137585563044395,0.031046726436258477,0,1
1162,1168,-0.0003414154052734375,929,724,0.20830180936275436,0.037063563561571235,0,0
1163,1169,-0.00044035911560058594,894,718,0.21356864390223884,0.0381762845270481,0,0
1164,1170,0.0002713203430175781,912,720,0.2152194358539163,0.038325400236580105,0,0
1165,1171,-0.0001761913299560547,915,732,0.19962955322421966,0.04529814812980714,0,0
1166,1172,-0.00010561943054199219,906,726,0.21570657137740262,0.03476127604479304,0,0
1167,1173,-0.00013399124145507812,924,735,0.22177137137749495,0.035710925390931215,0,0
1168,1174,6.246566772460938e-05,926,742,0.22660641838870862,0.03352610602211759,0,1
1169,1175,-0.00014090538024902344,892,758,0.221183322403463,0.035016960314521686,0,0
1170,1176,-8.845329284667969e-05,907,756,0.2302231224789772,0.04077247959911508,0,0
1171,1177,-0.0001361370086669922,896,762,0.21146635944023728,0.04191522382375762,0,0
1172,1178,1.4543533325195312e-05,915,750,0.21332654920432084,0.037141517559687295,0,0
1173,1179,-0.0006072521209716797,902,754,0.2200033233858265,0.03776580759321663,0,0
1174,1180,0.0001838207244873047,943,742,0.22097570475186928,0.02608040963221753,0,1
1175,1181,-0.00010442733764648438,933,743,0.2245703056566457,0.03001806537042877,0,1
1176,1182,-7.104873657226562e-05,931,746,0.222844606823619,0.03659068099934678,0,0
1177,1183,-0.00011348724365234375,959,756,0.22352681698217383,0.03360324285963856,0,0
1178,1184,-9.632110595703125e-05,937,756,0.22413231857049426,0.03662632066736776,0,0
