dataset,policy,repeat,name,ate_rmse_m,ate_max_m,matched,frames,duplicate_estimate_timestamps,processed_duration_s,first_timestamp,last_timestamp,wall_processing_s,peak_rss_kb,path_length_m,translation_extent_m,trajectory_sha256,delta_p0_percent,delta_p1_percent,valid_mean,positive_information_fraction,weak_decile_ratio0_median,all_active_ratio0_median,class
eee_01,GEO,1,p2a_geo_regression_eee_01,0.11887563928229516,0.6929463332737996,3329,3981,0,398.0008728504181,1609059013.7636957,1609059411.7645686,15.3758,164564,247.97735885767932,35.79355457502181,bed82ecc15fab0a7fbea9a06d0ef0f7348e702b4ccb718cf894436a148bbd6b1,0.0,3.8779329968885667,0.0,0.0,0.0,0.0,PASS
eee_01,C0,1,p2a_actual_eee_01_C0_1,0.11443781740040575,0.6449188397712766,3329,3981,0,398.0008728504181,1609059013.7636957,1609059411.7645686,27.4074,172376,248.13683251061255,35.78851181896316,d380626eef2fbde8543c44a6ec4eb9dd10e23cda8963065cffc5cd4542247cd3,-3.733163420766872,0.0,9.057523235367999,0.9922130118060789,0.0024814939040075936,0.0003052872914897408,PASS
eee_01,C60,1,p2a_actual_eee_01_C60_1,0.11443781740040575,0.6449188397712766,3329,3981,0,398.0008728504181,1609059013.7636957,1609059411.7645686,27.9324,172192,248.13683251061255,35.78851181896316,d380626eef2fbde8543c44a6ec4eb9dd10e23cda8963065cffc5cd4542247cd3,-3.733163420766872,0.0,9.057523235367999,0.9922130118060789,0.0024814939040075936,0.0003052872914897409,PASS
eee_01,C100,1,p2a_actual_eee_01_C100_1,0.11443781740040575,0.6449188397712766,3329,3981,0,398.0008728504181,1609059013.7636957,1609059411.7645686,28.5698,172356,248.13683251061255,35.78851181896316,d380626eef2fbde8543c44a6ec4eb9dd10e23cda8963065cffc5cd4542247cd3,-3.733163420766872,0.0,9.057523235367999,0.9922130118060789,0.0024814939040075936,0.0003052872914897409,PASS
eee_01,K100,1,p2a_actual_eee_01_K100_1,0.11752301881161795,0.6739268446271021,3329,3981,0,398.0008728504181,1609059013.7636957,1609059411.7645686,28.2416,172176,248.11823087512278,35.79785643335647,efd8f5f9490abe6e593eb7b35e1137902c5d96016b9d73870e18a11a229d3e03,-1.1378449603666407,2.695963171350435,9.071841245918112,0.9927153981411706,0.0024814939040075936,0.00027589620497989767,PASS
tunnel_d,GEO,1,p2a_geo_regression_tunnel_d,113.91929554770142,164.56034030608487,1179,1179,1,117.91296577453613,1691509833.0480807,1691509950.9610465,10.3765,108560,545.6134187171642,343.3905262179882,a07250898a5bd75fe247554edaaad786f5e6aa8ccf77d24767ae5068bc6d5b24,0.0,-13.051242104377136,0.0,0.0,0.0,0.0,FAIL
tunnel_d,C0,1,p2a_actual_tunnel_d_C0_1,131.0188877964826,182.8908193555352,1179,1179,1,117.91296577453613,1691509833.0480807,1691509950.9610465,16.7181,128764,576.5439058908185,383.35667515777743,a3b774e4afd3a10094641041d825fa9b1e58e28d029be4150684674197fcaa39,15.010268599862497,0.0,701.3401187446989,0.9830364715860899,14.601239051639379,8.803204664831515,FAIL
tunnel_d,C0,2,p2a_actual_tunnel_d_C0_2,131.0188877964826,182.8908193555352,1179,1179,1,117.91296577453613,1691509833.0480807,1691509950.9610465,16.6027,128548,576.5439058908185,383.35667515777743,a3b774e4afd3a10094641041d825fa9b1e58e28d029be4150684674197fcaa39,15.010268599862497,0.0,701.3401187446989,0.9830364715860899,14.601239051639379,8.803204664831513,FAIL
tunnel_d,C60,1,p2a_actual_tunnel_d_C60_1,134.0742288401359,185.79701216334627,1179,1179,1,117.91296577453613,1691509833.0480807,1691509950.9610465,17.158,128408,571.8877271325352,384.2635166563082,a0e23a4532e065775a1fa2c22600b1bcb6a4b87b632ca84d671b857019e946a7,17.692291016665386,2.3319851778922818,699.0924512298558,0.9830364715860899,1.4778814757320378,0.8091972964445886,FAIL
tunnel_d,C60,2,p2a_actual_tunnel_d_C60_2,134.0742288401359,185.79701216334627,1179,1179,1,117.91296577453613,1691509833.0480807,1691509950.9610465,18.6365,127920,571.8877271325352,384.2635166563082,a0e23a4532e065775a1fa2c22600b1bcb6a4b87b632ca84d671b857019e946a7,17.692291016665386,2.3319851778922818,699.0924512298558,0.9830364715860899,1.4778814757320378,0.8091972964445886,FAIL
tunnel_d,C100,1,p2a_actual_tunnel_d_C100_1,144.92808233046517,199.2530132016835,1179,1179,1,117.91296577453613,1691509833.0480807,1691509950.9610465,18.6468,127608,651.7401804814532,422.7785160276336,3842ead576b3efa01edea7be08ae4d6d7521300139694e4f833efaebda003b11,27.21996008988612,10.61617509346311,670.2188295165395,0.9830364715860899,2.3933716812569212,1.408154237005469,FAIL
tunnel_d,C100,2,p2a_actual_tunnel_d_C100_2,144.92808233046517,199.2530132016835,1179,1179,1,117.91296577453613,1691509833.0480807,1691509950.9610465,17.799,128128,651.7401804814532,422.7785160276336,3842ead576b3efa01edea7be08ae4d6d7521300139694e4f833efaebda003b11,27.21996008988612,10.61617509346311,670.2188295165395,0.9830364715860899,2.3933716812569212,1.408154237005469,FAIL
tunnel_d,K100,1,p2a_actual_tunnel_d_K100_1,134.36993517931873,187.17498973681995,1179,1179,1,117.91296577453613,1691509833.0480807,1691509950.9610465,18.3616,129624,623.4502324181824,398.5425255362402,68cbb4978cc9d9e0bc53a6d7782b02e2f7a71fc4888cb11401e16ec36b83097d,17.951866304382126,2.557682666365979,682.0110262934691,0.9830364715860899,4.476964755961656,2.8411036813318815,FAIL
tunnel_d,K100,2,p2a_actual_tunnel_d_K100_2,134.36993517931873,187.17498973681995,1179,1179,1,117.91296577453613,1691509833.0480807,1691509950.9610465,18.3953,127896,623.4502324181824,398.5425255362402,68cbb4978cc9d9e0bc53a6d7782b02e2f7a71fc4888cb11401e16ec36b83097d,17.951866304382126,2.557682666365979,682.0110262934691,0.9830364715860899,4.476964755961656,2.8411036813318815,FAIL
shield1,GEO,1,p2a_geo_regression_shield1,168.1915416661398,304.36347667011256,1388,5418,0,541.7029485702515,1706671290.3902378,1706671832.0931864,12.6969,109572,1144.1699114244975,430.26121090627146,75d075506b8b5316c5b73972c432fcd8171c5257418008f03bb21c0273236adc,0.0,5.067420258985478,0.0,0.0,0.0,0.0,CATASTROPHIC_ERROR_REMAINS
shield1,C0,1,p2a_actual_shield1_C0_1,160.07963386895463,438.31834451646364,1388,5418,0,541.7029485702515,1706671290.3902378,1706671832.0931864,31.2729,137436,1438.7713275160006,560.7608091372248,0f8c618083a42c9567ae62c4231ba0ddb7fb224a57aada008add865d9caa8277,-4.823017683783004,0.0,32.40919158361019,0.9959394610557402,0.033266490946541695,0.009439726841315329,CATASTROPHIC_ERROR_REMAINS
shield1,C60,1,p2a_actual_shield1_C60_1,58.81956139536513,103.4305166914321,1388,5418,0,541.7029485702515,1706671290.3902378,1706671832.0931864,31.4453,117536,795.774924122299,306.8496650278401,6991de6c09fdab4311d38e0eb063988a5fe55c56f4ebbd16eeeb0b273fe7945b,-65.02822864176967,-63.25606201503662,37.53968253968254,0.9964931709117756,0.03294226423425027,0.010472886973059514,CATASTROPHIC_ERROR_REMAINS
shield1,C100,1,p2a_actual_shield1_C100_1,69.50437346424538,157.7240570268234,1388,5418,0,541.7029485702515,1706671290.3902378,1706671832.0931864,31.9536,115800,748.7333240517721,389.697302337843,62120f0eb4a41e58547d1e39edf1e29e5937077987eb399ddf5afed75261b829,-58.675464428400595,-56.58137654091371,37.140826873385016,0.9964931709117756,0.03478878549669374,0.009917478381736216,CATASTROPHIC_ERROR_REMAINS
shield1,K100,1,p2a_actual_shield1_K100_1,69.13655003790633,127.5120657743715,1388,5418,0,541.7029485702515,1706671290.3902378,1706671832.0931864,31.4919,117388,903.432113887811,473.5586232641059,a80e7f88e7a8b81a12d80081233036f318d5e84c746ab75bc82335665b17bb43,-58.894157605652744,-56.81115182053495,36.21797711332595,0.9964931709117756,0.03079204682611364,0.008316116932439612,CATASTROPHIC_ERROR_REMAINS
