dataset,policy,scope,observations,positive_information_fraction,weak_decile_ratio0_median,n_valid_mean,n_valid_p50,n_valid_p90,n_valid_p99,n_valid_max,n_used_mean,n_used_p50,n_used_p90,n_used_p99,n_used_max,alpha_mean,alpha_p50,alpha_p90,alpha_p99,alpha_max,ratio0_mean,ratio0_p50,ratio0_p90,ratio0_p99,ratio0_max,ratio1_mean,ratio1_p50,ratio1_p90,ratio1_p99,ratio1_max,ratio2_mean,ratio2_p50,ratio2_p90,ratio2_p99,ratio2_max,trace_ratio_mean,trace_ratio_p50,trace_ratio_p90,trace_ratio_p99,trace_ratio_max,d_photo_translation_mean,d_photo_translation_p50,d_photo_translation_p90,d_photo_translation_p99,d_photo_translation_max,d_photo_rotation_mean,d_photo_rotation_p50,d_photo_rotation_p90,d_photo_rotation_p99,d_photo_rotation_max,occupied_faces_mean,occupied_faces_p50,occupied_faces_p90,occupied_faces_p99,occupied_faces_max,occupied_cells_mean,occupied_cells_p50,occupied_cells_p90,occupied_cells_p99,occupied_cells_max,residuals_per_cell_mean,residuals_per_cell_p50,residuals_per_cell_p90,residuals_per_cell_p99,residuals_per_cell_max,top10_cell_trace_fraction_mean,top10_cell_trace_fraction_p50,top10_cell_trace_fraction_p90,top10_cell_trace_fraction_p99,top10_cell_trace_fraction_max,residual_median_mean,residual_median_p50,residual_median_p90,residual_median_p99,residual_median_max,residual_mad_mean,residual_mad_p50,residual_mad_p90,residual_mad_p99,residual_mad_max,residual_rms_mean,residual_rms_p50,residual_rms_p90,residual_rms_p99,residual_rms_max
eee_01,C0,all_iterations,15006,0.9929361588697854,0.00238882815194155,8.900039984006398,8.0,15.0,22.0,31.0,8.900039984006398,8.0,15.0,22.0,31.0,1.0,1.0,1.0,1.0,1.0,0.0011515045797920627,0.000269398977497,0.0019690161074555996,0.016377513117723994,0.3331093965564307,0.0004487418119546553,6.291227329996803e-05,0.00078987063132965,0.006379085879824608,0.4469026128543244,0.0003428508790785356,2.6965927671733396e-05,0.00021430773858275,0.005722386007538765,0.478524171309252,0.0003174255436925925,0.00018304128945065,0.00075730136509255,0.0017047122455245863,0.0282525433628536,3.359680859930984e-05,1.7450021814505294e-05,7.792482372910621e-05,0.00024846140879976016,0.0036270900778771,2.5027624428331106e-06,1.7277029962629479e-06,5.311431852778002e-06,1.2501015567735526e-05,0.0001041692463848,2.100805369127517,2.0,3.0,4.0,4.0,5.169597315436242,5.0,8.0,11.0,16.0,1.731611015848432,1.6666666666666667,2.333333333333333,3.5,6.0,0.5744654243765022,0.5443451539457058,0.8653627025377335,1.0,1.0,-0.8148239674324078,-0.9049327506726024,1.6550448774960627,5.936578695486762,10.98303035313092,2.7570971220491547,2.5028003227462756,4.752635561353865,8.012194730866424,18.4162393390552,4.183562792565756,4.206279853101383,5.861488777356032,7.486004288098835,10.505083738155111
eee_01,C0,last_iteration,3981,0.9922130118060789,0.0024814939040075,9.057523235367999,9.0,15.0,22.0,31.0,9.057523235367999,9.0,15.0,22.0,31.0,1.0,1.0,1.0,1.0,1.0,0.0014082993654141254,0.0003018671758662,0.0024503622138471,0.017700166880690486,0.2777890131581786,0.0005330952457509176,7.140195424101745e-05,0.0011298405169799,0.007317627930962975,0.0497461737428684,0.0003802143585852876,3.012160301413163e-05,0.0002596171394801,0.00636910146046364,0.1509231763602036,0.0003293474333738589,0.0001856617993138,0.0007820154313932,0.001663770345697379,0.0282525433628536,3.604770764714058e-05,1.837354755061859e-05,8.641231660726094e-05,0.0002718553911747397,0.0007818001853581,2.3725678482373617e-06,1.7276799607464774e-06,5.038491349181112e-06,1.0653007810377441e-05,4.122493091515164e-05,2.1513924050632913,2.0,3.0,4.0,4.0,5.231139240506329,5.0,8.0,11.0,16.0,1.7412425053849103,1.6666666666666667,2.333333333333333,3.5,6.0,0.5735624813376655,0.5443581732342373,0.8637920084671559,1.0,1.0,-0.7825621765311647,-0.8682413602672358,1.6066252185722885,5.87103700426887,10.97405331386922,2.6941925986684208,2.438506774800437,4.687287094645328,7.757521371765066,17.84837176241674,4.088658892532404,4.104010644391207,5.781042018972585,7.443339648073434,10.505083738155111
eee_01,C60,all_iterations,15006,0.9929361588697854,0.00238882815194155,8.900039984006398,8.0,15.0,22.0,31.0,8.900039984006398,8.0,15.0,22.0,31.0,1.0,1.0,1.0,1.0,1.0,0.0011515045797920627,0.000269398977497,0.0019690161074555996,0.016377513117723994,0.3331093965564307,0.0004487418119546553,6.291227329996803e-05,0.00078987063132965,0.006379085879824608,0.4469026128543244,0.0003428508790785356,2.6965927671733396e-05,0.00021430773858275,0.005722386007538765,0.478524171309252,0.0003174255436925925,0.00018304128945065,0.00075730136509255,0.0017047122455245863,0.0282525433628536,3.359680859930984e-05,1.7450021814505294e-05,7.792482372910621e-05,0.00024846140879976016,0.0036270900778771,2.5027624428331106e-06,1.7277029962629479e-06,5.311431852778002e-06,1.2501015567735526e-05,0.0001041692463848,2.100805369127517,2.0,3.0,4.0,4.0,5.169597315436242,5.0,8.0,11.0,16.0,1.731611015848432,1.6666666666666667,2.333333333333333,3.5,6.0,0.5744654243765022,0.5443451539457058,0.8653627025377335,1.0,1.0,-0.8148239674324078,-0.9049327506726024,1.6550448774960627,5.936578695486762,10.98303035313092,2.7570971220491547,2.5028003227462756,4.752635561353865,8.012194730866424,18.4162393390552,4.183562792565756,4.206279853101383,5.861488777356032,7.486004288098835,10.505083738155111
eee_01,C60,last_iteration,3981,0.9922130118060789,0.0024814939040075,9.057523235367999,9.0,15.0,22.0,31.0,9.057523235367999,9.0,15.0,22.0,31.0,1.0,1.0,1.0,1.0,1.0,0.0014082993654141254,0.0003018671758662,0.0024503622138471,0.017700166880690486,0.2777890131581786,0.0005330952457509176,7.140195424101745e-05,0.0011298405169799,0.007317627930962975,0.0497461737428684,0.0003802143585852876,3.012160301413163e-05,0.0002596171394801,0.00636910146046364,0.1509231763602036,0.0003293474333738589,0.0001856617993138,0.0007820154313932,0.001663770345697379,0.0282525433628536,3.604770764714058e-05,1.837354755061859e-05,8.641231660726094e-05,0.0002718553911747397,0.0007818001853581,2.3725678482373617e-06,1.7276799607464774e-06,5.038491349181112e-06,1.0653007810377441e-05,4.122493091515164e-05,2.1513924050632913,2.0,3.0,4.0,4.0,5.231139240506329,5.0,8.0,11.0,16.0,1.7412425053849103,1.6666666666666667,2.333333333333333,3.5,6.0,0.5735624813376655,0.5443581732342373,0.8637920084671559,1.0,1.0,-0.7825621765311647,-0.8682413602672358,1.6066252185722885,5.87103700426887,10.97405331386922,2.6941925986684208,2.438506774800437,4.687287094645328,7.757521371765066,17.84837176241674,4.088658892532404,4.104010644391207,5.781042018972585,7.443339648073434,10.505083738155111
eee_01,C100,all_iterations,15006,0.9929361588697854,0.00238882815194155,8.900039984006398,8.0,15.0,22.0,31.0,8.900039984006398,8.0,15.0,22.0,31.0,1.0,1.0,1.0,1.0,1.0,0.0011515045797920627,0.000269398977497,0.0019690161074555996,0.016377513117723994,0.3331093965564307,0.0004487418119546553,6.291227329996803e-05,0.00078987063132965,0.006379085879824608,0.4469026128543244,0.0003428508790785356,2.6965927671733396e-05,0.00021430773858275,0.005722386007538765,0.478524171309252,0.0003174255436925925,0.00018304128945065,0.00075730136509255,0.0017047122455245863,0.0282525433628536,3.359680859930984e-05,1.7450021814505294e-05,7.792482372910621e-05,0.00024846140879976016,0.0036270900778771,2.5027624428331106e-06,1.7277029962629479e-06,5.311431852778002e-06,1.2501015567735526e-05,0.0001041692463848,2.100805369127517,2.0,3.0,4.0,4.0,5.169597315436242,5.0,8.0,11.0,16.0,1.731611015848432,1.6666666666666667,2.333333333333333,3.5,6.0,0.5744654243765022,0.5443451539457058,0.8653627025377335,1.0,1.0,-0.8148239674324078,-0.9049327506726024,1.6550448774960627,5.936578695486762,10.98303035313092,2.7570971220491547,2.5028003227462756,4.752635561353865,8.012194730866424,18.4162393390552,4.183562792565756,4.206279853101383,5.861488777356032,7.486004288098835,10.505083738155111
eee_01,C100,last_iteration,3981,0.9922130118060789,0.0024814939040075,9.057523235367999,9.0,15.0,22.0,31.0,9.057523235367999,9.0,15.0,22.0,31.0,1.0,1.0,1.0,1.0,1.0,0.0014082993654141254,0.0003018671758662,0.0024503622138471,0.017700166880690486,0.2777890131581786,0.0005330952457509176,7.140195424101745e-05,0.0011298405169799,0.007317627930962975,0.0497461737428684,0.0003802143585852876,3.012160301413163e-05,0.0002596171394801,0.00636910146046364,0.1509231763602036,0.0003293474333738589,0.0001856617993138,0.0007820154313932,0.001663770345697379,0.0282525433628536,3.604770764714058e-05,1.837354755061859e-05,8.641231660726094e-05,0.0002718553911747397,0.0007818001853581,2.3725678482373617e-06,1.7276799607464774e-06,5.038491349181112e-06,1.0653007810377441e-05,4.122493091515164e-05,2.1513924050632913,2.0,3.0,4.0,4.0,5.231139240506329,5.0,8.0,11.0,16.0,1.7412425053849103,1.6666666666666667,2.333333333333333,3.5,6.0,0.5735624813376655,0.5443581732342373,0.8637920084671559,1.0,1.0,-0.7825621765311647,-0.8682413602672358,1.6066252185722885,5.87103700426887,10.97405331386922,2.6941925986684208,2.438506774800437,4.687287094645328,7.757521371765066,17.84837176241674,4.088658892532404,4.104010644391207,5.781042018972585,7.443339648073434,10.505083738155111
eee_01,K100,all_iterations,15006,0.9929361588697854,0.00238882815194155,8.900039984006398,8.0,15.0,22.0,31.0,8.371784619485538,8.0,14.0,20.0,27.0,1.0,1.0,1.0,1.0,1.0,0.0011255620949003034,0.00024502961659525,0.0018880114429959,0.016364314178803883,0.3331093965564307,0.00043316970817887254,5.857963719953915e-05,0.0007606111049423001,0.006346643006414562,0.4469025892029507,0.0003314174897595858,2.51924854356898e-05,0.0002060901525576,0.005722386007538765,0.4785241636858605,0.0003023800159164282,0.0001730203758579,0.00073362284367725,0.0016758228793951869,0.0282525433628536,3.283796572669601e-05,1.7036537552205678e-05,7.538620724708366e-05,0.00024810948117112567,0.0036273055960908,2.4276005937587647e-06,1.6911512218191105e-06,5.133812063282045e-06,1.2270270790515471e-05,0.0001044336604623,2.100805369127517,2.0,3.0,4.0,4.0,5.119060402684564,5.0,8.0,11.0,16.0,1.6487208297854272,1.6,2.25,3.0,6.0,0.5779866900817303,0.548293068039177,0.8670040847339995,1.0,1.0,-0.8148239674324078,-0.9049327506726024,1.6550448774960627,5.936578695486762,10.98303035313092,2.7570971220491547,2.5028003227462756,4.752635561353865,8.012194730866424,18.4162393390552,4.183562792565756,4.206279853101383,5.861488777356032,7.486004288098835,10.505083738155111
eee_01,K100,last_iteration,3981,0.9922130118060789,0.0024814939040075,9.057523235367999,9.0,15.0,22.0,31.0,8.556392866114042,8.0,14.0,20.0,27.0,1.0,1.0,1.0,1.0,1.0,0.0013841045389952826,0.0002788441153443,0.0023882232586641,0.017700166880690486,0.2777890131581786,0.0005183358162981014,6.697552724962528e-05,0.0010958288428867,0.00727274058368787,0.0497461737428684,0.0003688066156608999,2.8454077873118207e-05,0.0002527052065772,0.00636910146046364,0.1509231763602036,0.00031482703199714294,0.0001760674465841,0.0007616262587214,0.0016602215729869597,0.0282525433628536,3.540694743885218e-05,1.781239920028344e-05,8.418686073542708e-05,0.0002718553911747397,0.0007818152554532,2.3062193740697153e-06,1.6986801042631756e-06,4.933928369581598e-06,1.0332930443577727e-05,4.122493091515164e-05,2.1513924050632913,2.0,3.0,4.0,4.0,5.180506329113924,5.0,8.0,11.0,16.0,1.6634651505316063,1.625,2.2022222222222205,3.0,6.0,0.5766638321191014,0.5465202860616309,0.8638983000659612,1.0,1.0,-0.7825621765311647,-0.8682413602672358,1.6066252185722885,5.87103700426887,10.97405331386922,2.6941925986684208,2.438506774800437,4.687287094645328,7.757521371765066,17.84837176241674,4.088658892532404,4.104010644391207,5.781042018972585,7.443339648073434,10.505083738155111
tunnel_d,C0,all_iterations,4693,0.986362667803111,14.276084351120527,698.5947155337738,700.0,913.0,1107.08,1167.0,698.5947155337738,700.0,913.0,1107.08,1167.0,1.0,1.0,1.0,1.0,1.0,9.486399471626742,8.642270308156256,16.395595737931636,24.579129338851466,33.55828343410472,3.7480267045783315,2.987207248066144,6.581788201021385,13.091532381408596,105.17747256570996,4.062063765884318,3.893448287636072,6.499606596037229,9.300929559831221,51.25247953466405,0.9345203392639367,0.8790058965420887,1.3849352158394874,2.1556579992857205,13.405892396057808,0.00536898925807611,0.0044740155034088,0.009770948913311761,0.018640810142420403,0.0481316063580406,0.004262545515786165,0.0031022730830856,0.00927343830495766,0.016917401835246846,0.0296140313711496,4.981637502700368,5.0,6.0,6.0,6.0,125.57442212140852,125.0,160.0,174.0,178.0,5.525082549483757,5.638095238095239,6.447637392876798,7.771887439945095,9.014084507042254,0.4919123323988844,0.4864764215128107,0.5821242408033366,0.6609547796479295,0.9318649401730948,-3.4375781770640437,-3.371247506354337,-1.7162172151574004,0.5381392434257019,6.467233385920994,6.402659454582913,6.720323696979683,7.726358250235521,8.560473713377862,13.018556284340947,9.873753417875522,9.911499222209471,10.698210461983582,16.88814101953415,31.79031197146565
tunnel_d,C0,last_iteration,1179,0.9830364715860899,14.601239051639368,701.3401187446989,702.0,917.0,1108.66,1167.0,701.3401187446989,702.0,917.0,1108.66,1167.0,1.0,1.0,1.0,1.0,1.0,9.579172762149565,8.695105930175032,16.41426029245017,25.00163638997178,33.55828343410472,3.8197666316976506,3.0138970083295806,6.796146644121451,13.228722381111826,105.17747256570996,4.121950366131397,3.9627467422421927,6.522079084505748,9.207242617704035,51.25247953466405,0.9472987772798422,0.8890917884289747,1.4162260104562592,2.2410919196024577,13.405892396057808,0.004098425504327907,0.0036675345913607,0.006944274170278861,0.011502697997861858,0.0289809579193713,0.0038729606920930963,0.0027625401159956,0.008619746266613961,0.016289476485782606,0.0278113471507567,4.983606557377049,5.0,6.0,6.0,6.0,125.74374460742018,125.0,160.0,174.0,178.0,5.532740754408578,5.647619047619048,6.448007877594304,7.77962596259626,8.777777777777777,0.4937658034713538,0.4885454278143129,0.5857680373739996,0.6595936139117481,0.9318649401730948,-3.4031306222211906,-3.339435831721179,-1.6691241880052314,0.6454518664101321,4.967247100563451,6.369009753338808,6.69184466067378,7.676588104056723,8.557105179820928,10.591466167998302,9.878989495179525,9.894170178281897,10.672363691393384,18.38988427181241,31.468087819935008
tunnel_d,C60,all_iterations,4693,0.986362667803111,1.4461831553246864,698.5947155337738,700.0,913.0,1107.08,1167.0,698.5947155337738,700.0,913.0,1107.08,1167.0,0.09459457162515816,0.0857142857142857,0.1304347826086956,0.17249352202511448,1.0,0.8501354492375764,0.7612775922062521,1.4263743823484414,2.340235803227401,5.459186458394056,0.3423864464885333,0.2728106067514525,0.6015999918284606,1.079510634886347,13.884248791440196,0.3596890207271113,0.3419906894181561,0.566994561338863,0.8345993895973217,3.443615646226028,0.0833182522092843,0.0777831237675529,0.12300212943403054,0.1956694276458563,0.9007318519187776,0.0014237394706426941,0.0011075057591376,0.0027472896465643806,0.005898102419639653,0.0227228215533683,0.002640831478419493,0.0017519544856694,0.0060655251915211214,0.011815228962897523,0.0224415065977892,4.981637502700368,5.0,6.0,6.0,6.0,125.57442212140852,125.0,160.0,174.0,178.0,5.525082549483757,5.638095238095239,6.447637392876798,7.771887439945095,9.014084507042254,0.4919123323988844,0.4864764215128111,0.582124240803337,0.6609547796479297,0.9318649401730942,-3.4375781770640437,-3.371247506354337,-1.7162172151574004,0.5381392434257019,6.467233385920994,6.402659454582913,6.720323696979683,7.726358250235521,8.560473713377862,13.018556284340947,9.873753417875522,9.911499222209471,10.698210461983582,16.88814101953415,31.79031197146565
tunnel_d,C60,last_iteration,1179,0.9830364715860899,1.4558931870226086,701.3401187446989,702.0,917.0,1108.66,1167.0,701.3401187446989,702.0,917.0,1108.66,1167.0,0.09458114872783063,0.0854700854700854,0.1298701298701298,0.17153663528448626,1.0,0.8559210206209789,0.767878847740646,1.4336103296657468,2.409558797769184,4.2330894338248735,0.3464560930717082,0.2767468424359018,0.6027029759132775,1.1148247183541722,11.764194098467874,0.36390828436551437,0.3472193959125772,0.5780606225088346,0.8597229460998009,3.443615646226028,0.08410684796504402,0.0788868408430146,0.123749506689894,0.20141800219848974,0.9007318519187776,0.00109583216725565,0.0009200001138877,0.0019933755062903798,0.0038493815539276444,0.0162332801282822,0.0024683943243605714,0.0016306227616604,0.005773361989832682,0.010706409183668941,0.0216305919601894,4.983606557377049,5.0,6.0,6.0,6.0,125.74374460742018,125.0,160.0,174.0,178.0,5.532740754408578,5.647619047619048,6.448007877594304,7.77962596259626,8.777777777777777,0.49376580347135374,0.4885454278143128,0.5857680373739997,0.6595936139117481,0.9318649401730942,-3.4031306222211906,-3.339435831721179,-1.6691241880052314,0.6454518664101321,4.967247100563451,6.369009753338808,6.69184466067378,7.676588104056723,8.557105179820928,10.591466167998302,9.878989495179525,9.894170178281897,10.672363691393384,18.38988427181241,31.468087819935008
tunnel_d,C100,all_iterations,4693,0.986362667803111,2.4103052588744776,698.5947155337738,700.0,913.0,1107.08,1167.0,698.5947155337738,700.0,913.0,1107.08,1167.0,0.1562370639380877,0.1428571428571428,0.217391304347826,0.28748920337519085,1.0,1.4168653578452142,1.2687959870104204,2.3772906372474023,3.900393005379,9.098644097323426,0.5705523193769678,0.4546843445857542,1.0026666530474344,1.7991843914772443,23.140414652400324,0.5994642055968304,0.5699844823635934,0.9449909355647717,1.3909989826622027,5.7393594103767125,0.13885368727511957,0.1296385396125882,0.20500354905671755,0.3261157127430939,1.5012197531979627,0.002054328005732517,0.0016102244762983,0.0039675896708248806,0.00846817758661405,0.0293719990690636,0.0031208792532324116,0.0021058326637602,0.007138289955243523,0.013721707015657371,0.0252739873396316,4.981637502700368,5.0,6.0,6.0,6.0,125.57442212140852,125.0,160.0,174.0,178.0,5.525082549483757,5.638095238095239,6.447637392876798,7.771887439945095,9.014084507042254,0.4919123323988844,0.4864764215128109,0.5821242408033367,0.6609547796479291,0.9318649401730948,-3.4375781770640437,-3.371247506354337,-1.7162172151574004,0.5381392434257019,6.467233385920994,6.402659454582913,6.720323696979683,7.726358250235521,8.560473713377862,13.018556284340947,9.873753417875522,9.911499222209471,10.698210461983582,16.88814101953415,31.79031197146565
tunnel_d,C100,last_iteration,1179,0.9830364715860899,2.426488645037681,701.3401187446989,702.0,917.0,1108.66,1167.0,701.3401187446989,702.0,917.0,1108.66,1167.0,0.15593889503832672,0.1424501424501424,0.2164502164502164,0.28589439214081047,1.0,1.4265090448246853,1.2797980795677435,2.3893505494429115,4.015931329615307,7.05514905637479,0.5773213375735247,0.4612447373931697,1.0045049598554625,1.8580411972569537,19.606990164113125,0.6064952876749374,0.5786989931876289,0.9634343708480574,1.4328715768330011,5.7393594103767125,0.14016625625529663,0.131478068071691,0.20624917781649,0.3356966703308162,1.5012197531979627,0.00156074557745195,0.001315792478579,0.0027715244932316604,0.005177377558529919,0.0208083180834354,0.0029112775683590793,0.001943238397485,0.006690276655854463,0.012498384513604655,0.0240678443696329,4.983606557377049,5.0,6.0,6.0,6.0,125.74374460742018,125.0,160.0,174.0,178.0,5.532740754408578,5.647619047619048,6.448007877594304,7.77962596259626,8.777777777777777,0.4937658034713538,0.488545427814313,0.5857680373739997,0.6595936139117479,0.9318649401730948,-3.4031306222211906,-3.339435831721179,-1.6691241880052314,0.6454518664101321,4.967247100563451,6.369009753338808,6.69184466067378,7.676588104056723,8.557105179820928,10.591466167998302,9.878989495179525,9.894170178281897,10.672363691393384,18.38988427181241,31.468087819935008
tunnel_d,K100,all_iterations,4693,0.986362667803111,4.383620659447208,698.5947155337738,700.0,913.0,1107.08,1167.0,99.79053910078841,100.0,100.0,100.0,100.0,1.0,1.0,1.0,1.0,1.0,3.1134805101847105,2.6697646065189806,5.425143906993011,11.885063756348465,19.819972080825785,1.4618816885163264,1.0798469750253588,2.6493278554562214,6.137604742526552,102.63437550275152,1.6082703905180775,1.457775589300408,2.692730154706919,4.342112745223955,46.696283189147046,0.37282912088743525,0.337863208234939,0.5906521108898023,0.9801364115639344,12.464256182614294,0.003447540238792151,0.0028639754085059,0.006316799415708923,0.012687612749798917,0.036108075642537,0.00378458279594696,0.0026933340185254,0.00841706946348518,0.015825086820171263,0.0295654485169848,4.303737308273925,4.0,5.0,6.0,6.0,53.75070209548499,54.0,61.0,65.0,72.0,1.8796783081965929,1.851851851851852,2.1739130434782608,2.4390243902439024,3.8,0.5040249666265886,0.4988702872498826,0.604870976241286,0.6947387103473099,0.9636381774268628,-3.4375781770640437,-3.371247506354337,-1.7162172151574004,0.5381392434257019,6.467233385920994,6.402659454582913,6.720323696979683,7.726358250235521,8.560473713377862,13.018556284340947,9.873753417875522,9.911499222209471,10.698210461983582,16.88814101953415,31.79031197146565
tunnel_d,K100,last_iteration,1179,0.9830364715860899,4.427702048160054,701.3401187446989,702.0,917.0,1108.66,1167.0,99.74554707379134,100.0,100.0,100.0,100.0,1.0,1.0,1.0,1.0,1.0,3.1655285921267593,2.720933523575036,5.508742413634319,11.640123835807618,17.22004650382456,1.5235830599048923,1.0796196610400304,2.7020574491335747,6.493460468230596,102.63437550275152,1.653818312435015,1.486641732622455,2.772497713686362,4.386469088479936,46.696283189147046,0.3827393337604992,0.3430097345126472,0.6097817414465213,1.0027213681980787,12.464256182614294,0.002740199929056492,0.0024680863046742,0.0048224192407010395,0.008127102894203743,0.0207271308091086,0.0035341742445684325,0.0025119289485486,0.00802323497591004,0.014904418729268645,0.026759485328401,4.306298533218292,4.0,5.0,6.0,6.0,53.71182053494392,54.0,61.0,65.0,69.0,1.8805767119545673,1.851851851851852,2.1739130434782608,2.4390243902439024,3.4615384615384617,0.5062464270229952,0.5030807006010833,0.6044667962524909,0.6834355626533576,0.9636381774268628,-3.4031306222211906,-3.339435831721179,-1.6691241880052314,0.6454518664101321,4.967247100563451,6.369009753338808,6.69184466067378,7.676588104056723,8.557105179820928,10.591466167998302,9.878989495179525,9.894170178281897,10.672363691393384,18.38988427181241,31.468087819935008
shield1,C0,all_iterations,21566,0.9964295650561068,0.0330712012415066,32.29504776036354,30.0,57.0,86.0,174.0,32.29504776036354,30.0,57.0,86.0,174.0,1.0,1.0,1.0,1.0,1.0,0.0273889384602628,0.009326308827293999,0.03583029532075665,0.2208295660220691,10.537497602180668,0.024833444632188475,0.00844143378980065,0.03657794892365535,0.3444794399700908,4.255482226153351,0.00819360475344275,0.0036485258548428,0.01166425386147375,0.06861975422508047,1.874679916121181,0.00500572371911563,0.00047547938994815,0.0019368420141364,0.00731661420783478,3.482521924445228,0.00042282779107229824,0.00028980466714385,0.0008715548323497001,0.00238984353975315,0.0132684023942583,0.00012501440344244293,7.060866129849914e-05,0.00024318864070294998,0.0008003918681923896,0.0129171798708942,1.0280608683512495,1.0,1.0,2.0,3.0,12.409977197636,13.0,17.0,22.0,31.0,2.453479982676005,2.333333333333333,3.7142857142857135,5.117647058823529,7.2,0.45665065629480417,0.426146740291299,0.6541968604655565,0.9330771462913171,1.0,-2.613747854863191,-2.581755763667967,-1.7750845288792965,-0.6433294830178066,2.0692329203491733,1.2590674352982738,1.2334331487543135,1.7297840918238294,2.429575392304355,8.847492355022357,3.302899171749326,3.2201024617260643,4.06989954287611,4.920720172237596,6.968609972910473
shield1,C0,last_iteration,5418,0.9959394610557402,0.033266490946541646,32.40919158361019,30.0,57.30000000000018,87.0,173.0,32.40919158361019,30.0,57.30000000000018,87.0,173.0,1.0,1.0,1.0,1.0,1.0,0.028324787704759342,0.009371049860817701,0.03667349508760597,0.237472375278323,9.466895835899766,0.025403082786492556,0.008535548925077099,0.03711634334212045,0.37308552540939205,3.410420289882768,0.008523715876425203,0.00365088722898815,0.011891984894624692,0.07564813353075335,1.874679916121181,0.005281529626394241,0.00048073563258265,0.0019425840492145704,0.007511949153468899,3.1192616581464843,0.0003901659325693663,0.0002674740298837,0.0008124141561577903,0.0022064838617359217,0.0053777061563413,0.00011543055097831772,6.765662117744331e-05,0.00022208316181963,0.0006445112151766666,0.0098190936970671,1.028169014084507,1.0,1.0,2.0,3.0,12.441808747220163,13.0,17.0,22.050000000000182,31.0,2.456080819238851,2.3431372549019605,3.7142857142857135,5.100263157894737,7.2,0.4576974281102368,0.42715155193837023,0.6540843868363933,0.9401781768640745,1.0,-2.59915874018364,-2.5689009554612436,-1.7553601834025527,-0.6389026343420953,1.87213581575064,1.2583365124460624,1.2387692615882646,1.7171673145914756,2.4235793660439917,5.8127903596910295,3.2924920645976132,3.205869709842262,4.060889127308248,4.906352204825203,6.968609972910473
shield1,C60,all_iterations,21566,0.9964295650561068,0.0312923706274799,32.29504776036354,30.0,57.0,86.0,174.0,32.29504776036354,30.0,57.0,86.0,174.0,0.9870553789377545,1.0,1.0,1.0,1.0,0.022947592701695798,0.0092738087925665,0.0333703733439763,0.2034646693678209,7.6174681461547005,0.022988797617029932,0.0083162832684452,0.0355115792640915,0.32391256937499635,3.039630161538108,0.007189616723763207,0.0036273009191567,0.011005534797635198,0.06312122258976242,1.2928827007732282,0.003383678368107906,0.00047518339364259997,0.0018729030523574998,0.006311180160193652,2.5174857285146226,0.00040988879682001895,0.0002863815508795,0.0008485764823099,0.002225293877433363,0.0076657557372462,0.00011857314650853975,7.00867288872872e-05,0.00023829006388619998,0.0007219141486128892,0.0119152060754516,1.0280608683512495,1.0,1.0,2.0,3.0,12.409977197636,13.0,17.0,22.0,31.0,2.453479982676005,2.333333333333333,3.7142857142857135,5.117647058823529,7.2,0.45665065629480417,0.426146740291299,0.6541968604655565,0.9330771462913171,1.0,-2.613747854863191,-2.581755763667967,-1.7750845288792965,-0.6433294830178066,2.0692329203491733,1.2590674352982738,1.2334331487543135,1.7297840918238294,2.429575392304355,8.847492355022357,3.302899171749326,3.2201024617260643,4.06989954287611,4.920720172237596,6.968609972910473
shield1,C60,last_iteration,5418,0.9959394610557402,0.03117771118050575,32.40919158361019,30.0,57.30000000000018,87.0,173.0,32.40919158361019,30.0,57.30000000000018,87.0,173.0,0.9867674023259388,1.0,1.0,1.0,1.0,0.02371438615615105,0.009278825744110701,0.03401736051784871,0.2072839303408064,6.6825147076939535,0.02349076349158253,0.00841812356589115,0.036061101176969895,0.33251583485238734,2.407355498740777,0.0074190684063273225,0.0036424121470219,0.011165636226304681,0.06425092872046546,1.2928827007732282,0.003560236078814909,0.00048041471177544997,0.00188694359856804,0.006747728857210971,2.3105641912196178,0.00037939053659623577,0.00026486779554795,0.0007928871066422601,0.001977080966658177,0.0042371231429526,0.00010977734733965799,6.722163730038145e-05,0.00021835622913436,0.0005592135394662255,0.009121005703129,1.028169014084507,1.0,1.0,2.0,3.0,12.441808747220163,13.0,17.0,22.050000000000182,31.0,2.456080819238851,2.3431372549019605,3.7142857142857135,5.100263157894737,7.2,0.4576974281102368,0.4271515519383702,0.6540843868363933,0.9401781768640745,1.0,-2.59915874018364,-2.5689009554612436,-1.7553601834025527,-0.6389026343420953,1.87213581575064,1.2583365124460624,1.2387692615882646,1.7171673145914756,2.4235793660439917,5.8127903596910295,3.2924920645976132,3.205869709842262,4.060889127308248,4.906352204825203,6.968609972910473
shield1,C100,all_iterations,21566,0.9964295650561068,0.033048042287903,32.29504776036354,30.0,57.0,86.0,174.0,32.29504776036354,30.0,57.0,86.0,174.0,0.9995524534297932,1.0,1.0,1.0,1.0,0.026417243784611542,0.009326308827293999,0.03573915858939815,0.21868109477343067,10.537497602180668,0.024588192956750316,0.00844143378980065,0.03657794892365535,0.3376343466511219,4.255482226153351,0.008022754749723242,0.0036485258548428,0.01166425386147375,0.06848423829525907,1.874679916121181,0.0046614005552702165,0.00047547938994815,0.0019367756190539001,0.0072841314231099005,3.482521924445228,0.00042160167218425196,0.00028980466714385,0.0008714625667383,0.0023809653698845896,0.0089638236845314,0.00012447012265260287,7.060866129849914e-05,0.00024318864070294998,0.0007948524778937646,0.0129171798708942,1.0280608683512495,1.0,1.0,2.0,3.0,12.409977197636,13.0,17.0,22.0,31.0,2.453479982676005,2.333333333333333,3.7142857142857135,5.117647058823529,7.2,0.45665065629480417,0.426146740291299,0.6541968604655565,0.9330771462913171,1.0,-2.613747854863191,-2.581755763667967,-1.7750845288792965,-0.6433294830178066,2.0692329203491733,1.2590674352982738,1.2334331487543135,1.7297840918238294,2.429575392304355,8.847492355022357,3.302899171749326,3.2201024617260643,4.06989954287611,4.920720172237596,6.968609972910473
shield1,C100,last_iteration,5418,0.9959394610557402,0.033266490946541646,32.40919158361019,30.0,57.30000000000018,87.0,173.0,32.40919158361019,30.0,57.30000000000018,87.0,173.0,0.99954900062919,1.0,1.0,1.0,1.0,0.027376469274662998,0.009371049860817701,0.03664436085296723,0.23725512314074335,9.466895835899766,0.02516518603526343,0.008535548925077099,0.03711634334212045,0.356646545820813,3.410420289882768,0.008336704911035239,0.00365088722898815,0.011891984894624692,0.07564813353075335,1.874679916121181,0.004931419630575869,0.00048073563258265,0.0019425840492145704,0.007497557374398203,3.1192616581464843,0.0003893395545225988,0.0002674740298837,0.0008124141561577903,0.002201070687805676,0.0053777061563413,0.00011500612364737174,6.765662117744331e-05,0.00022208316181963,0.0006394150643324045,0.0098190936970671,1.028169014084507,1.0,1.0,2.0,3.0,12.441808747220163,13.0,17.0,22.050000000000182,31.0,2.456080819238851,2.3431372549019605,3.7142857142857135,5.100263157894737,7.2,0.4576974281102368,0.42715155193837023,0.6540843868363933,0.9401781768640745,1.0,-2.59915874018364,-2.5689009554612436,-1.7553601834025527,-0.6389026343420953,1.87213581575064,1.2583365124460624,1.2387692615882646,1.7171673145914756,2.4235793660439917,5.8127903596910295,3.2924920645976132,3.205869709842262,4.060889127308248,4.906352204825203,6.968609972910473
shield1,K100,all_iterations,21566,0.9964295650561068,0.0310237094356239,32.29504776036354,30.0,57.0,86.0,174.0,29.375405731243625,28.0,51.0,74.0,100.0,1.0,1.0,1.0,1.0,1.0,0.02520566372080276,0.00860492649587255,0.032985024599895496,0.2132471596863775,10.333768846920092,0.023275371717126882,0.0078138974639563,0.0340707556624749,0.3310113839340779,3.6102747566200577,0.007424213778023892,0.00335866395004885,0.01084127263783755,0.06443582925251147,1.6602873535274318,0.004334358679154451,0.00043724111633790003,0.0017906191091132,0.006742722571017499,3.199361613152865,0.0004081363937817926,0.00027774887841744997,0.0008473830008936,0.002315493375591758,0.0098443043589506,0.00011880232254524742,6.84089466196008e-05,0.0002318444260893,0.000746342295834705,0.012308326387614,1.0280608683512495,1.0,1.0,2.0,3.0,12.303550653822887,13.0,17.0,22.0,31.0,2.251579957755207,2.1764705882352935,3.3076923076923075,4.158947368421043,5.0625,0.4569449408154151,0.4261825641324077,0.6537242909764114,0.9374229567170254,1.0,-2.613747854863191,-2.581755763667967,-1.7750845288792965,-0.6433294830178066,2.0692329203491733,1.2590674352982738,1.2334331487543135,1.7297840918238294,2.429575392304355,8.847492355022357,3.302899171749326,3.2201024617260643,4.06989954287611,4.920720172237596,6.968609972910473
shield1,K100,last_iteration,5418,0.9959394610557402,0.03110969903128455,32.40919158361019,30.0,57.30000000000018,87.0,173.0,29.489479512735326,28.0,51.0,74.0,100.0,1.0,1.0,1.0,1.0,1.0,0.026071027103905787,0.0086268333582281,0.03363449712417207,0.23464422106786284,9.36339030423072,0.02381792539976619,0.0079114745794268,0.03449043241879539,0.34199975626795526,2.8147504105438363,0.007646227173375679,0.0033709168263991,0.011083641237568503,0.06700453001034717,1.6028725757648987,0.004494238710294429,0.0004416837127123,0.00179178461632275,0.007019507355893979,2.930771205951457,0.0003794570599280641,0.00025661097430745004,0.0007951128912967604,0.002134480897269833,0.0055523576704789,0.00010998542233313932,6.642723641053859e-05,0.00021464812226555004,0.0006335114717511543,0.0092970020247959,1.028169014084507,1.0,1.0,2.0,3.0,12.334877687175686,13.0,17.0,22.0,31.0,2.254349064802729,2.1818181818181817,3.333333333333333,4.167424242424246,4.944444444444445,0.4582051598277327,0.42583347475670336,0.6543076461432574,0.9427331723850882,1.0,-2.59915874018364,-2.5689009554612436,-1.7553601834025527,-0.6389026343420953,1.87213581575064,1.2583365124460624,1.2387692615882646,1.7171673145914756,2.4235793660439917,5.8127903596910295,3.2924920645976132,3.205869709842262,4.060889127308248,4.906352204825203,6.968609972910473
