frame,representation,input_points,raw_pixels,filled_pixels,igm_pixels,patch_mask_pixels,intensity_points
0,cube_igm_idw,126459,37393,40939,30509,20815,127634
1,cube_igm_idw,126433,37441,40942,30873,21046,127566
2,cube_igm_idw,126459,37487,40982,30944,21038,127584
3,cube_igm_idw,126547,37528,41006,31005,21224,127677
4,cube_igm_idw,126674,37503,41000,30993,21148,127798
5,cube_igm_idw,126771,37539,40992,30983,21030,127882
6,cube_igm_idw,126743,37481,40953,30964,21180,127871
7,cube_igm_idw,126866,37500,40956,30987,21248,127974
8,cube_igm_idw,126940,37508,40946,31025,21430,128034
9,cube_igm_idw,126949,37522,40977,31110,21564,128047
10,cube_igm_idw,126924,37474,40980,31140,21682,128058
11,cube_igm_idw,126930,37456,40935,31210,21787,128063
12,cube_igm_idw,126969,37516,40985,31286,21933,128098
13,cube_igm_idw,126903,37541,41015,31354,21875,127987
14,cube_igm_idw,126966,37490,40960,31288,21899,128078
15,cube_igm_idw,126967,37533,40952,31405,21997,128071
16,cube_igm_idw,126931,37551,40985,31470,22008,128013
17,cube_igm_idw,126889,37513,40964,31416,22021,127999
18,cube_igm_idw,126893,37460,40900,31450,22063,128037
19,cube_igm_idw,126887,37491,40894,31376,22077,127982
20,cube_igm_idw,126903,37538,40943,31468,21936,127980
21,cube_igm_idw,127000,37546,41029,31563,22147,128169
22,cube_igm_idw,126993,37493,40967,31475,21986,128116
23,cube_igm_idw,127038,37520,40962,31458,21987,128145
24,cube_igm_idw,127062,37551,40971,31470,22084,128171
25,cube_igm_idw,127042,37509,40942,31468,22016,128163
26,cube_igm_idw,127046,37502,40977,31516,22089,128157
27,cube_igm_idw,126988,37461,40948,31456,22122,128128
28,cube_igm_idw,126945,37467,40927,31505,22136,128081
29,cube_igm_idw,126945,37492,40943,31508,22107,128064
30,cube_igm_idw,127007,37500,40974,31566,22165,128199
31,cube_igm_idw,126962,37491,40969,31472,22006,128101
32,cube_igm_idw,126902,37479,40990,31480,22086,128051
33,cube_igm_idw,126935,37498,40978,31497,22106,128069
34,cube_igm_idw,126901,37505,40992,31546,22150,128024
35,cube_igm_idw,126956,37531,41015,31516,22087,128065
36,cube_igm_idw,127005,37587,41054,31573,22162,128099
37,cube_igm_idw,126985,37537,41082,31609,22169,128160
38,cube_igm_idw,126972,37569,41111,31597,22046,128144
39,cube_igm_idw,126950,37496,41098,31639,22082,128166
40,cube_igm_idw,126956,37625,41126,31658,22095,128109
41,cube_igm_idw,126983,37600,41023,31580,22202,128076
42,cube_igm_idw,127023,37464,40974,31616,22184,128221
43,cube_igm_idw,126965,37533,41033,31648,22262,128104
44,cube_igm_idw,126972,37454,40969,31491,22086,128128
45,cube_igm_idw,127003,37431,40900,31587,22311,128155
46,cube_igm_idw,126994,37488,40963,31598,22288,128164
47,cube_igm_idw,126994,37402,41034,31685,22368,128286
48,cube_igm_idw,127031,37454,41109,31799,22470,128326
49,cube_igm_idw,127114,37527,41243,31933,22527,128483
50,cube_igm_idw,125795,37198,41159,31904,22506,127335
51,cube_igm_idw,126773,37358,41128,31920,22574,128187
52,cube_igm_idw,126647,37425,41082,31915,22638,128015
53,cube_igm_idw,126604,37328,41013,31889,22597,127987
54,cube_igm_idw,126274,37183,41085,31930,22676,127800
55,cube_igm_idw,125639,36953,41133,31910,22633,127330
56,cube_igm_idw,125429,36754,41008,31791,22457,127112
57,cube_igm_idw,125317,36772,40958,31867,22554,127033
58,cube_igm_idw,125398,36828,40956,31868,22455,127033
59,cube_igm_idw,125338,36887,41066,31793,22513,126953
60,cube_igm_idw,125310,36942,41231,31916,22626,126942
61,cube_igm_idw,125143,37058,41196,31976,22602,126715
62,cube_igm_idw,125218,36997,41084,32040,22589,126879
63,cube_igm_idw,125303,36850,40964,32059,22792,126943
64,cube_igm_idw,125368,36995,41011,31989,22798,126980
65,cube_igm_idw,125347,37181,41254,32225,22944,126985
66,cube_igm_idw,125159,37164,41206,32388,23302,126787
67,cube_igm_idw,125331,37120,41024,32337,23230,126884
68,cube_igm_idw,125302,37046,40912,32451,23439,126838
69,cube_igm_idw,125438,37311,41042,32454,23311,126890
70,cube_igm_idw,125457,37400,41347,32717,23697,127065
71,cube_igm_idw,125480,37361,41266,32607,23635,127037
72,cube_igm_idw,125400,37274,41165,32552,23554,126965
73,cube_igm_idw,125536,37142,40994,32343,23201,127095
74,cube_igm_idw,125608,37134,41122,32366,23357,127198
75,cube_igm_idw,125597,37194,41179,32371,23298,127233
76,cube_igm_idw,125616,37305,41207,32240,23175,127114
77,cube_igm_idw,125614,37047,40973,32146,23340,127195
78,cube_igm_idw,125705,36919,40873,32036,23175,127305
79,cube_igm_idw,125744,37117,40967,32060,23353,127292
80,cube_igm_idw,125827,37251,41119,32075,23250,127314
81,cube_igm_idw,125872,37270,41121,32131,23306,127347
82,cube_igm_idw,125961,37247,41019,32110,23322,127431
83,cube_igm_idw,126083,37044,40877,31863,23050,127612
84,cube_igm_idw,126066,37150,40943,31903,23026,127534
85,cube_igm_idw,126076,37264,41086,31998,23098,127556
86,cube_igm_idw,126016,37187,41019,31952,23097,127502
87,cube_igm_idw,126140,37002,40809,31987,23172,127730
88,cube_igm_idw,126170,36998,40740,32025,23195,127674
89,cube_igm_idw,126243,37149,40872,32077,23183,127709
90,cube_igm_idw,126254,37350,41137,32268,23235,127753
91,cube_igm_idw,126321,37262,41114,32271,23261,127855
92,cube_igm_idw,126457,37235,40975,32201,23114,127980
93,cube_igm_idw,126433,37023,40857,32124,23124,128020
94,cube_igm_idw,126466,37188,40871,32158,23110,127916
95,cube_igm_idw,126468,37376,41078,32239,23138,127890
96,cube_igm_idw,126310,37150,40872,32247,23236,127801
97,cube_igm_idw,126460,37065,40765,32267,23292,127947
98,cube_igm_idw,126544,37066,40760,32326,23212,128025
99,cube_igm_idw,126573,37245,40999,32414,23157,128051
100,cube_igm_idw,126558,37374,41137,32699,23437,128062
101,cube_igm_idw,126553,37308,41080,32693,23465,128077
102,cube_igm_idw,126557,37244,40967,32581,23480,128052
103,cube_igm_idw,126619,37088,40843,32543,23322,128132
104,cube_igm_idw,126637,37167,40897,32494,23258,128152
105,cube_igm_idw,126660,37328,41087,32732,23403,128156
106,cube_igm_idw,126556,37261,40989,32674,23420,128031
107,cube_igm_idw,126421,37093,40840,32612,22874,127919
108,cube_igm_idw,126477,37050,40784,32573,22114,127986
109,cube_igm_idw,124949,36994,40900,32412,22188,126437
110,cube_igm_idw,124896,37127,41024,32529,22360,126417
111,cube_igm_idw,125485,37198,41029,32639,21915,127049
112,cube_igm_idw,126078,37235,40961,32524,20910,127587
113,cube_igm_idw,124729,36825,40733,32237,20638,126278
114,cube_igm_idw,123184,36759,40686,31949,20417,124686
115,cube_igm_idw,122967,36868,40754,32084,20531,124479
116,cube_igm_idw,123726,36927,40761,32130,20667,125173
117,cube_igm_idw,125091,36956,40824,32275,21020,126632
118,cube_igm_idw,126267,37165,40883,32347,21243,127767
119,cube_igm_idw,126202,37383,41013,32344,21908,127644
120,cube_igm_idw,126212,37439,41152,32491,22625,127716
121,cube_igm_idw,126130,37392,41130,32541,23111,127618
122,cube_igm_idw,126114,37271,40928,32305,22943,127583
123,cube_igm_idw,126151,37077,40808,32222,23108,127657
124,cube_igm_idw,126135,37231,40942,32311,23067,127613
125,cube_igm_idw,126149,37351,41078,32541,23373,127610
126,cube_igm_idw,126185,37255,41020,32536,23337,127669
127,cube_igm_idw,126127,37107,40892,32592,23647,127638
128,cube_igm_idw,126155,37125,40988,32629,23772,127688
129,cube_igm_idw,126056,37350,41103,32792,24089,127555
130,cube_igm_idw,126085,37382,41124,32969,24329,127570
131,cube_igm_idw,126106,37382,41055,32972,24397,127549
132,cube_igm_idw,126122,37242,40990,32902,24315,127604
133,cube_igm_idw,126131,37116,40853,32758,24258,127652
134,cube_igm_idw,126255,37408,41024,32960,24326,127670
135,cube_igm_idw,126323,37457,41175,33119,24472,127776
136,cube_igm_idw,126240,37297,41071,33102,24581,127744
137,cube_igm_idw,126247,37286,41013,33166,24467,127738
138,cube_igm_idw,126338,37289,41056,33260,24663,127800
139,cube_igm_idw,126300,37399,41198,33485,24768,127848
140,cube_igm_idw,126297,37505,41282,33597,24815,127819
141,cube_igm_idw,126292,37444,41214,33658,24999,127789
142,cube_igm_idw,126376,37255,41022,33560,25142,127871
143,cube_igm_idw,126332,37204,40981,33672,25437,127835
144,cube_igm_idw,126369,37348,41100,33800,25685,127868
145,cube_igm_idw,126436,37270,41102,33842,25680,127967
146,cube_igm_idw,126499,37154,40938,33757,25748,127995
147,cube_igm_idw,126430,37082,40817,33721,25721,127933
148,cube_igm_idw,126474,37080,40822,33712,25710,127963
149,cube_igm_idw,126500,37364,41043,33850,25771,127915
150,cube_igm_idw,126417,37371,41110,33980,25963,127862
151,cube_igm_idw,126323,37263,41024,33940,25910,127783
152,cube_igm_idw,126305,37268,40980,33969,25973,127780
153,cube_igm_idw,126442,37334,40993,33890,25892,127860
154,cube_igm_idw,126486,37488,41224,33904,25812,127942
155,cube_igm_idw,126542,37541,41303,33802,25723,127957
156,cube_igm_idw,126766,37485,41256,33571,25481,128214
157,cube_igm_idw,126854,37346,41211,33374,25415,128392
158,cube_igm_idw,126957,37279,41236,33375,25387,128576
159,cube_igm_idw,127012,37518,41336,33465,25446,128538
160,cube_igm_idw,126934,37470,41288,33656,25517,128472
161,cube_igm_idw,126886,37345,41224,33706,25623,128417
162,cube_igm_idw,126802,37177,41047,33744,25688,128380
163,cube_igm_idw,126719,37144,40971,33848,25838,128276
164,cube_igm_idw,126690,37239,41114,34010,25999,128232
165,cube_igm_idw,126678,37239,41043,33958,25945,128168
166,cube_igm_idw,126755,37123,40822,33788,25817,128205
167,cube_igm_idw,126742,36891,40682,33678,25638,128239
168,cube_igm_idw,126714,36909,40752,33716,25629,128240
169,cube_igm_idw,126721,37235,41057,33999,25884,128246
170,cube_igm_idw,126733,37242,41085,34048,25948,128258
171,cube_igm_idw,126793,37290,41061,33912,25869,128254
172,cube_igm_idw,127097,37335,41053,33485,25511,128493
173,cube_igm_idw,127319,37325,41083,32942,25015,128708
174,cube_igm_idw,127416,37424,41176,32545,24660,128761
175,cube_igm_idw,127484,37376,41191,32473,24343,128915
176,cube_igm_idw,127415,37037,41026,32420,24300,129060
177,cube_igm_idw,127335,36864,40966,32524,24597,129123
178,cube_igm_idw,127300,37036,40990,32753,24995,128954
179,cube_igm_idw,127094,37054,41048,33120,25238,128783
180,cube_igm_idw,126932,37088,40997,33389,25317,128547
181,cube_igm_idw,127017,36854,40737,33469,25523,128625
182,cube_igm_idw,127114,36862,40532,33401,25490,128562
183,cube_igm_idw,126880,36767,40546,33206,25112,128425
184,cube_igm_idw,126680,36896,40722,33037,25032,128243
185,cube_igm_idw,126496,36903,40663,32819,24663,127930
186,cube_igm_idw,126367,37066,40724,32620,24593,127710
187,cube_igm_idw,126223,37234,40858,32726,24698,127545
188,cube_igm_idw,126292,37539,41108,33143,24862,127597
189,cube_igm_idw,126611,37702,41389,33035,24371,127993
190,cube_igm_idw,126778,37555,41315,32642,23991,128243
191,cube_igm_idw,126500,37228,41084,32200,23669,128027
192,cube_igm_idw,125968,36953,40910,32229,23596,127580
193,cube_igm_idw,125498,36970,40931,32283,23517,127090
194,cube_igm_idw,125883,36857,40804,32582,23869,127456
195,cube_igm_idw,126199,36617,40480,32497,23988,127765
196,cube_igm_idw,126016,36576,40296,32138,23781,127471
197,cube_igm_idw,125983,36618,40332,31913,23384,127422
198,cube_igm_idw,126124,36692,40529,31977,23414,127628
199,cube_igm_idw,126508,36719,40643,32169,23382,128114
200,cube_igm_idw,126473,36853,40736,32533,23958,127996
201,cube_igm_idw,126489,37069,40832,33043,24601,127958
202,cube_igm_idw,126614,37105,40857,33362,24964,128059
203,cube_igm_idw,127135,37141,40969,33295,25068,128645
204,cube_igm_idw,127301,37263,41034,32909,24904,128726
205,cube_igm_idw,127395,37199,41080,32519,24426,128866
206,cube_igm_idw,127287,37226,41185,32635,24290,128863
207,cube_igm_idw,127263,37134,41137,32601,24322,128918
208,cube_igm_idw,127262,37086,41161,32609,24515,129010
209,cube_igm_idw,127284,37223,41173,32922,24913,128910
210,cube_igm_idw,127302,37127,41091,33260,25124,128888
211,cube_igm_idw,127073,36775,40671,33391,25330,128652
212,cube_igm_idw,127203,36665,40422,33448,25468,128677
214,cube_igm_idw,108170,32829,37994,31261,23319,110763
215,cube_igm_idw,126668,36909,41035,33807,25533,128427
216,cube_igm_idw,126957,37483,41171,33742,25506,128343
217,cube_igm_idw,127379,37433,41099,33210,25423,128744
218,cube_igm_idw,127463,37384,41102,32525,24610,128839
219,cube_igm_idw,127358,37342,41199,32587,24361,128860
220,cube_igm_idw,127219,37217,41294,33046,24829,128909
221,cube_igm_idw,126339,37317,41319,33163,24966,127970
222,cube_igm_idw,125969,37254,41235,32848,24552,127575
223,cube_igm_idw,126929,36835,40932,32371,24181,128638
224,cube_igm_idw,127314,36661,40819,32522,24587,129116
225,cube_igm_idw,127276,36674,40769,33178,25028,129040
226,cube_igm_idw,127387,36752,40678,33644,25623,129008
227,cube_igm_idw,127237,36617,40528,33469,25556,128838
228,cube_igm_idw,126894,36261,40317,33250,25177,128729
229,cube_igm_idw,126870,36306,40323,33162,24997,128635
230,cube_igm_idw,126714,36427,40422,33352,25294,128431
231,cube_igm_idw,126725,36911,40754,33674,25577,128264
232,cube_igm_idw,126908,37257,40962,33607,25637,128258
233,cube_igm_idw,127269,37338,40986,33229,25350,128612
234,cube_igm_idw,127469,37317,41088,32678,24798,128895
235,cube_igm_idw,127385,37287,41109,32523,24454,128827
236,cube_igm_idw,127194,37315,41132,32740,24580,128660
237,cube_igm_idw,126868,37251,41215,32804,24575,128401
238,cube_igm_idw,126858,36943,41054,32522,24370,128505
241,cube_igm_idw,127201,37092,40937,33639,25567,128702
242,cube_igm_idw,127339,36931,40805,33889,25858,128901
243,cube_igm_idw,127120,36890,40633,33586,25711,128602
244,cube_igm_idw,126829,36615,40541,33277,25285,128465
245,cube_igm_idw,126820,36734,40676,33287,25098,128496
246,cube_igm_idw,126692,36934,40936,33832,25742,128406
247,cube_igm_idw,126623,37228,40958,33886,25900,128079
249,cube_igm_idw,71721,21846,24960,19222,14270,73069
250,cube_igm_idw,127306,36814,40562,32093,24223,128685
251,cube_igm_idw,126976,36870,40564,32122,24086,128302
252,cube_igm_idw,126818,36579,40411,32086,24128,128290
253,cube_igm_idw,126882,36342,40296,31743,23941,128498
254,cube_igm_idw,127085,36489,40381,32172,24546,128699
255,cube_igm_idw,127074,36784,40694,32874,25249,128682
256,cube_igm_idw,127312,36706,40719,33491,25574,128985
257,cube_igm_idw,127312,36274,40326,33487,25744,129073
258,cube_igm_idw,126756,36352,40504,33150,25753,128621
259,cube_igm_idw,126378,36624,40999,33322,25888,128335
260,cube_igm_idw,126286,36813,41228,33452,26021,128337
261,cube_igm_idw,126182,37687,41581,33856,26005,127749
262,cube_igm_idw,126486,38029,41733,34490,26467,127959
263,cube_igm_idw,126848,37607,41556,34478,26384,128543
264,cube_igm_idw,127179,37247,41389,33790,25759,128988
265,cube_igm_idw,127340,37220,41116,33207,25506,128924
266,cube_igm_idw,127119,36937,40705,32700,24871,128638
267,cube_igm_idw,125661,36709,40437,32491,24972,127137
268,cube_igm_idw,126430,36883,40724,32926,25199,127951
269,cube_igm_idw,127056,36923,40878,33276,25381,128648
270,cube_igm_idw,127211,36909,40915,33764,25864,128840
271,cube_igm_idw,127192,37180,41167,34225,26315,128910
272,cube_igm_idw,127075,37255,41271,34303,26355,128821
273,cube_igm_idw,127052,37467,41422,34546,26658,128691
274,cube_igm_idw,127006,37235,41398,34537,26524,128916
275,cube_igm_idw,127001,37339,41309,34419,26516,128727
276,cube_igm_idw,127067,37425,41180,34191,26355,128551
277,cube_igm_idw,127088,37349,41286,34280,26308,128710
278,cube_igm_idw,127085,37209,41247,34292,26364,128820
279,cube_igm_idw,127058,37222,41166,34244,26377,128731
280,cube_igm_idw,127005,37495,41319,34294,26371,128550
281,cube_igm_idw,126948,37428,41292,34240,26321,128544
282,cube_igm_idw,126973,37180,41076,34021,26188,128628
283,cube_igm_idw,127054,37076,40929,33874,26067,128638
284,cube_igm_idw,126990,37188,41106,34106,26175,128678
285,cube_igm_idw,127047,37163,41163,34206,26322,128788
286,cube_igm_idw,127033,37165,41147,34171,26296,128732
287,cube_igm_idw,126992,37232,41275,34340,26423,128751
288,cube_igm_idw,126984,37111,41219,34227,26318,128787
289,cube_igm_idw,127015,36932,40993,33989,26122,128788
290,cube_igm_idw,126944,37033,40980,34042,26248,128568
291,cube_igm_idw,126948,37050,41302,34402,26465,128873
292,cube_igm_idw,126950,36891,41238,34364,26487,128978
293,cube_igm_idw,126972,37102,41357,34398,26500,128907
294,cube_igm_idw,126911,37240,41565,34715,26764,128931
295,cube_igm_idw,127000,36959,41365,34437,26540,129041
296,cube_igm_idw,127039,36964,41268,34231,26386,129004
297,cube_igm_idw,127016,37046,41254,34352,26451,128941
298,cube_igm_idw,127024,37150,41476,34616,26714,129070
299,cube_igm_idw,126944,36798,41277,34315,26432,129008
300,cube_igm_idw,126990,36990,41336,34463,26606,129031
301,cube_igm_idw,127001,36717,41290,34319,26410,129242
302,cube_igm_idw,127029,36452,40939,33975,26154,129182
303,cube_igm_idw,127073,36549,41006,34023,26184,129208
304,cube_igm_idw,127088,36448,41179,34322,26425,129489
305,cube_igm_idw,127045,36243,41192,34291,26481,129634
306,cube_igm_idw,127046,36200,41064,34180,26308,129487
307,cube_igm_idw,126970,36314,41293,34541,26620,129612
308,cube_igm_idw,127022,35913,41139,34333,26439,129821
309,cube_igm_idw,127024,35848,40998,34259,26408,129716
310,cube_igm_idw,126998,35969,41200,34339,26437,129788
311,cube_igm_idw,126980,36173,41634,34978,27069,130043
312,cube_igm_idw,126983,36028,41945,35091,27049,130396
313,cube_igm_idw,126895,36345,42201,35266,27070,130313
314,cube_igm_idw,126811,36458,42600,35633,27355,130472
315,cube_igm_idw,126807,36333,42654,35695,27377,130630
316,cube_igm_idw,126622,36149,42277,35437,27227,130244
317,cube_igm_idw,126627,36081,41821,34803,26723,129892
318,cube_igm_idw,127159,35571,41143,33674,25853,130201
319,cube_igm_idw,127288,34559,39936,31875,24011,130119
320,cube_igm_idw,127186,33563,38843,30833,22944,129904
321,cube_igm_idw,127069,33250,38464,30493,22751,129666
322,cube_igm_idw,127020,32789,38071,30261,22645,129720
323,cube_igm_idw,127036,33198,38541,30796,23130,129787
324,cube_igm_idw,126918,33277,38874,31348,23439,129799
325,cube_igm_idw,126834,33870,39687,32752,24997,129952
326,cube_igm_idw,127046,34368,40540,33613,25827,130491
327,cube_igm_idw,126803,35386,42084,35113,26906,130888
328,cube_igm_idw,126538,35908,43053,35771,27609,131146
329,cube_igm_idw,126504,36277,43500,36237,28030,131186
330,cube_igm_idw,126498,36356,43532,36517,28327,131138
331,cube_igm_idw,126468,36339,43092,36295,28152,130650
332,cube_igm_idw,127012,35586,41919,34628,26550,130803
333,cube_igm_idw,127324,34296,40192,32515,24600,130665
334,cube_igm_idw,127255,33242,38877,30933,23233,130232
335,cube_igm_idw,127109,32538,38054,30264,22607,129972
336,cube_igm_idw,126978,32113,37586,29682,21988,129849
337,cube_igm_idw,126988,31473,36966,28972,21404,129794
338,cube_igm_idw,127052,31603,37172,29522,21763,129918
339,cube_igm_idw,127143,31959,37835,30387,22441,130133
340,cube_igm_idw,126990,32580,38942,31841,23810,130490
341,cube_igm_idw,126996,33466,40602,33470,24965,131181
342,cube_igm_idw,126797,34407,42110,34962,26281,131654
343,cube_igm_idw,126664,34678,42673,35627,27425,131915
344,cube_igm_idw,126567,34931,42880,35767,27405,131817
345,cube_igm_idw,126507,34815,42532,35457,26591,131418
346,cube_igm_idw,126529,34667,42275,35215,25930,131061
347,cube_igm_idw,126600,34405,41822,34735,25613,130972
348,cube_igm_idw,126956,33797,40882,33593,24733,131068
349,cube_igm_idw,127179,33194,39880,32254,23818,130854
350,cube_igm_idw,127248,32798,39003,31229,23286,130590
351,cube_igm_idw,127236,31953,38051,30219,22479,130527
352,cube_igm_idw,127184,31565,37510,29707,21907,130360
353,cube_igm_idw,127116,30787,36793,29080,21366,130318
354,cube_igm_idw,127062,30245,36292,28307,20453,130184
355,cube_igm_idw,127134,29638,35727,27801,20195,130296
356,cube_igm_idw,127127,29791,35879,27855,20114,130282
357,cube_igm_idw,127163,30545,36894,28944,20933,130525
358,cube_igm_idw,127027,31056,37756,29851,21660,130669
359,cube_igm_idw,126967,31749,38811,31143,22892,130939
360,cube_igm_idw,126938,32387,39795,32177,23616,131142
361,cube_igm_idw,126923,32692,40487,32836,24082,131467
362,cube_igm_idw,126955,33077,40909,33283,24678,131602
363,cube_igm_idw,126841,33367,41159,33450,24746,131592
364,cube_igm_idw,126967,32960,40701,32806,24052,131544
365,cube_igm_idw,126980,32679,40130,32221,23471,131311
366,cube_igm_idw,127094,32450,39659,31499,22541,131229
367,cube_igm_idw,127152,31833,38770,30528,21694,131137
368,cube_igm_idw,127179,31390,38218,29762,20883,130978
369,cube_igm_idw,127101,31172,38043,29497,20624,131001
370,cube_igm_idw,127080,30820,37664,28949,20188,130930
371,cube_igm_idw,127146,30369,37150,28182,19740,130956
372,cube_igm_idw,126975,29651,36434,27336,18954,130716
373,cube_igm_idw,126859,28843,35775,26429,18215,130685
374,cube_igm_idw,126812,28371,35465,26017,17698,130686
375,cube_igm_idw,126556,27715,34449,25630,17281,130199
376,cube_igm_idw,126493,27693,34063,25647,17427,129944
377,cube_igm_idw,126453,28012,34284,26216,17907,129924
378,cube_igm_idw,126549,28397,34758,26995,18630,130201
379,cube_igm_idw,126705,28810,35288,27654,19476,130426
380,cube_igm_idw,126907,29755,36370,28925,20556,130793
381,cube_igm_idw,127201,30859,37762,30240,21414,131418
382,cube_igm_idw,127282,31675,38779,31157,22575,131735
383,cube_igm_idw,127267,32110,39670,31947,23634,132221
384,cube_igm_idw,127157,32564,40339,32623,24361,132386
385,cube_igm_idw,127011,33105,41220,33710,25473,132491
386,cube_igm_idw,126836,33553,41930,34597,26112,132567
387,cube_igm_idw,126808,33980,42731,35688,27240,132917
388,cube_igm_idw,126596,34362,43380,36343,27892,132906
389,cube_igm_idw,126454,34648,44127,37255,28757,133231
390,cube_igm_idw,126692,34964,44740,37736,28945,133722
391,cube_igm_idw,127023,35142,45187,37811,29126,134337
392,cube_igm_idw,127181,35254,45424,37829,29477,134612
393,cube_igm_idw,127227,35199,45433,37677,29340,134730
394,cube_igm_idw,127181,35113,45413,37504,29242,134771
395,cube_igm_idw,127124,35282,45701,37722,29118,134725
396,cube_igm_idw,127027,35411,45865,38023,29443,134676
397,cube_igm_idw,126888,35571,46234,38587,29976,134742
398,cube_igm_idw,126837,35572,46514,38914,29838,134873
399,cube_igm_idw,126892,35879,46817,39290,30050,134895
400,cube_igm_idw,126957,36203,47081,39708,30376,134868
401,cube_igm_idw,126998,36280,47137,39923,30527,134901
402,cube_igm_idw,127059,36404,47144,39988,30634,134903
403,cube_igm_idw,127167,36490,47196,40012,30691,134987
404,cube_igm_idw,127205,36351,47053,39522,29852,134942
405,cube_igm_idw,127312,36103,46580,38797,29528,134925
406,cube_igm_idw,127263,35704,46001,38158,29292,134748
407,cube_igm_idw,127119,35653,45966,38207,29633,134738
408,cube_igm_idw,127075,35761,45860,38042,29225,134451
409,cube_igm_idw,126883,35473,45620,38154,29380,134164
410,cube_igm_idw,126862,35307,45300,37766,28446,133709
411,cube_igm_idw,126765,35058,44785,37324,28057,133421
412,cube_igm_idw,126864,34811,44348,37042,28156,133361
413,cube_igm_idw,126731,34705,44165,36841,27562,132879
414,cube_igm_idw,126687,34486,43989,36811,27486,132787
415,cube_igm_idw,126578,34197,43271,36195,27360,132378
416,cube_igm_idw,126627,33693,42209,34983,26369,131980
417,cube_igm_idw,126937,33076,41057,33613,25111,131779
418,cube_igm_idw,127160,32063,39487,31642,23319,131476
419,cube_igm_idw,127199,31175,37969,30051,22053,130809
420,cube_igm_idw,127082,30312,36684,28756,21069,130380
421,cube_igm_idw,127102,30007,36555,28717,21068,130522
422,cube_igm_idw,127132,30226,36960,29160,21317,130597
423,cube_igm_idw,127045,30792,38062,30593,22490,131089
424,cube_igm_idw,127094,31595,39533,32275,24193,131717
425,cube_igm_idw,127158,32549,41221,34155,25816,132666
426,cube_igm_idw,126825,33417,42973,35564,26810,133199
427,cube_igm_idw,126680,34201,44371,36832,27974,133744
428,cube_igm_idw,126729,34602,45088,37462,28701,134277
429,cube_igm_idw,126823,35087,45753,37941,29219,134461
430,cube_igm_idw,126835,35319,46180,38366,29310,134517
431,cube_igm_idw,126810,35000,45849,38428,28867,134425
432,cube_igm_idw,126591,34419,44931,37698,27923,133647
433,cube_igm_idw,126465,33845,43803,36289,26532,132910
434,cube_igm_idw,126896,32486,41239,33262,24311,132208
435,cube_igm_idw,127197,31069,38470,30292,21925,131452
436,cube_igm_idw,127024,29885,36184,28780,21249,130561
437,cube_igm_idw,126848,29269,35565,28612,20920,130444
438,cube_igm_idw,126907,29488,35989,29116,21285,130715
439,cube_igm_idw,126868,29324,35949,29248,21496,130835
440,cube_igm_idw,126826,29350,35936,29185,21362,130819
441,cube_igm_idw,126801,29193,35782,28899,20819,130719
442,cube_igm_idw,126675,28770,35129,28111,20219,130376
443,cube_igm_idw,126648,28069,34359,26726,19152,130159
444,cube_igm_idw,126778,28455,34756,26853,19233,130219
445,cube_igm_idw,126869,29267,35646,28316,20741,130424
446,cube_igm_idw,126837,30624,37040,30078,22380,130276
447,cube_igm_idw,126990,31932,39407,32033,23957,131282
448,cube_igm_idw,126895,32947,41802,34336,25817,132532
449,cube_igm_idw,126691,34111,43910,36377,27700,133492
450,cube_igm_idw,126679,34712,44991,37492,29497,134107
451,cube_igm_idw,126654,34856,45245,37625,29395,134171
452,cube_igm_idw,126625,34848,45203,37692,29316,134078
453,cube_igm_idw,126702,34932,44929,37546,29015,133803
454,cube_igm_idw,126262,34786,44106,36879,28478,132639
455,cube_igm_idw,126383,33875,42314,35105,26729,131902
456,cube_igm_idw,126935,32960,40633,32911,24545,131597
457,cube_igm_idw,127108,31494,38469,30230,22018,130883
458,cube_igm_idw,126988,30630,37059,28791,20959,130360
459,cube_igm_idw,126729,30297,36556,28830,21169,130096
460,cube_igm_idw,126743,29844,36062,28872,21258,130258
461,cube_igm_idw,126702,28971,35168,28012,20530,130251
462,cube_igm_idw,126767,29030,35259,27958,20410,130299
463,cube_igm_idw,126762,28787,34915,27343,19839,130195
464,cube_igm_idw,126833,29010,35086,27357,19944,130118
465,cube_igm_idw,126892,29780,35970,28398,20879,130131
466,cube_igm_idw,126791,30813,37372,30188,22367,130263
467,cube_igm_idw,126891,32043,39434,32410,24261,131262
468,cube_igm_idw,126810,33017,41459,34372,26080,132241
469,cube_igm_idw,126618,33656,42692,35494,27022,132640
470,cube_igm_idw,126576,34295,43828,36627,28643,133388
471,cube_igm_idw,126577,34878,44579,37252,29532,133530
472,cube_igm_idw,126649,35082,44735,37314,29588,133559
473,cube_igm_idw,126592,35067,44844,37431,29608,133598
474,cube_igm_idw,126634,35334,45068,37782,29875,133723
475,cube_igm_idw,126700,35345,45093,38024,29980,133860
476,cube_igm_idw,126493,35359,44991,38100,29989,133458
477,cube_igm_idw,126350,34673,43885,36944,28569,132672
478,cube_igm_idw,126545,33849,42667,35676,27186,132383
479,cube_igm_idw,126721,33366,41721,34633,26301,132126
480,cube_igm_idw,127011,32651,40264,32965,24755,131669
481,cube_igm_idw,127086,31937,39041,31752,23616,131298
482,cube_igm_idw,127149,31197,38139,30736,22591,131142
483,cube_igm_idw,127079,30928,37768,30343,22294,130959
484,cube_igm_idw,127036,30811,37742,30226,22091,130814
485,cube_igm_idw,126971,30853,38055,30749,22467,131011
486,cube_igm_idw,126895,31237,38892,31821,23537,131500
487,cube_igm_idw,126847,31948,40283,33331,25254,132179
488,cube_igm_idw,126685,32594,41509,34664,26459,132695
489,cube_igm_idw,126560,32923,42067,35132,26527,132728
490,cube_igm_idw,126498,32750,41780,34907,26533,132559
491,cube_igm_idw,126514,32653,41191,34180,25941,132176
492,cube_igm_idw,126831,31786,39055,31618,23472,131265
493,cube_igm_idw,126980,30815,37342,29574,21807,130625
494,cube_igm_idw,126960,30014,36294,28315,20607,130343
495,cube_igm_idw,126903,29744,35857,28159,20532,130231
496,cube_igm_idw,126767,29460,35355,27896,20384,130008
497,cube_igm_idw,126677,29536,35446,28284,20761,130001
498,cube_igm_idw,126651,29224,34984,27922,20423,129878
499,cube_igm_idw,126624,28584,34186,27191,19939,129734
500,cube_igm_idw,126698,28462,34122,26793,19418,129812
501,cube_igm_idw,126829,28657,34511,26856,19568,129953
502,cube_igm_idw,126924,29498,35483,27757,20309,130095
503,cube_igm_idw,126814,30272,36328,28755,21276,129922
504,cube_igm_idw,126856,31426,37942,30804,22885,130357
505,cube_igm_idw,127081,32564,39800,33049,25068,131353
506,cube_igm_idw,126925,33533,41599,34802,26669,132153
507,cube_igm_idw,126551,34324,42880,35899,27752,132334
508,cube_igm_idw,126471,34872,43620,36536,28350,132486
509,cube_igm_idw,126480,35082,43781,36848,28512,132409
510,cube_igm_idw,126453,34652,43107,36229,27920,132168
511,cube_igm_idw,126584,34098,42091,35059,26703,131793
512,cube_igm_idw,127027,33012,40281,32697,24191,131338
513,cube_igm_idw,127170,32293,38976,30987,22754,130863
514,cube_igm_idw,127129,31460,37676,29519,21433,130337
515,cube_igm_idw,126801,30636,36635,28978,21156,129970
516,cube_igm_idw,126666,29813,35691,28202,20613,129860
517,cube_igm_idw,126808,29533,35564,27955,20533,130082
518,cube_igm_idw,126868,29642,35713,27892,20414,130183
519,cube_igm_idw,126911,29947,35964,28240,20640,130177
520,cube_igm_idw,126919,30590,36563,29024,21603,130051
521,cube_igm_idw,126851,31618,37915,30417,22533,130173
522,cube_igm_idw,127114,32235,38927,32036,24074,130839
523,cube_igm_idw,127101,32977,40666,33667,25705,131748
524,cube_igm_idw,126575,33804,42287,35205,27455,132271
525,cube_igm_idw,126370,34026,43272,35888,28147,132983
526,cube_igm_idw,126590,34223,44000,36138,28451,133659
527,cube_igm_idw,126806,34824,45008,37192,29056,134240
528,cube_igm_idw,126794,35232,45532,37639,28822,134247
529,cube_igm_idw,126800,35345,45756,37688,28558,134259
530,cube_igm_idw,126716,35413,45699,37476,28209,133960
531,cube_igm_idw,126574,35506,45298,37496,28571,133548
532,cube_igm_idw,126347,35183,44375,36752,28117,132718
533,cube_igm_idw,126119,34240,42956,35097,26462,131955
534,cube_igm_idw,126846,32313,40552,31958,23485,132017
535,cube_igm_idw,126419,30026,37868,29120,21096,130972
536,cube_igm_idw,126305,29050,36560,28531,20822,130737
537,cube_igm_idw,126358,28505,35812,28536,20631,130915
538,cube_igm_idw,126692,28805,35852,28885,20838,131030
539,cube_igm_idw,126713,29244,35913,29009,21010,130677
540,cube_igm_idw,126633,29336,35591,28466,20714,130258
541,cube_igm_idw,126520,29125,35137,27528,19920,129884
542,cube_igm_idw,126489,29011,34962,27003,19718,129759
543,cube_igm_idw,126662,29478,35421,27830,20651,129931
544,cube_igm_idw,126730,30614,36829,29964,22345,130103
545,cube_igm_idw,127048,31916,38958,32063,24439,131112
546,cube_igm_idw,126560,32961,41697,34425,26444,132420
547,cube_igm_idw,126489,33804,43845,36033,28161,133760
548,cube_igm_idw,126796,34796,45342,37648,29515,134650
549,cube_igm_idw,126752,35413,46176,38923,30403,134794
550,cube_igm_idw,126595,35938,46707,39289,30356,134585
551,cube_igm_idw,126471,36048,46578,38847,29839,134151
552,cube_igm_idw,126488,35992,46221,38331,29835,133927
553,cube_igm_idw,126444,35665,45993,37911,28725,133885
554,cube_igm_idw,126586,35386,45834,37906,28295,134054
555,cube_igm_idw,126819,35301,45775,37814,28449,134343
556,cube_igm_idw,127085,35515,45772,37983,29050,134512
557,cube_igm_idw,127154,35447,45653,38099,29462,134635
558,cube_igm_idw,126957,35128,44877,37702,29250,134020
559,cube_igm_idw,127044,34302,43553,36777,28336,133641
560,cube_igm_idw,127007,33323,42214,35459,27284,133172
561,cube_igm_idw,126718,32004,40768,33762,25635,132718
562,cube_igm_idw,126494,31247,39697,32401,24612,132242
563,cube_igm_idw,126555,30857,38904,31326,23433,131930
564,cube_igm_idw,126658,30683,39106,31435,23471,132381
565,cube_igm_idw,126441,31118,39911,32204,23863,132447
566,cube_igm_idw,126073,31815,40921,33587,25167,132466
567,cube_igm_idw,125857,32822,41987,34825,26296,132320
568,cube_igm_idw,126333,34020,43423,35867,27155,132918
569,cube_igm_idw,126895,34835,44232,36254,27761,133476
570,cube_igm_idw,126976,35077,44598,36425,28134,133756
571,cube_igm_idw,126873,35071,45042,36878,28502,134056
572,cube_igm_idw,126695,35163,45499,37543,29065,134237
573,cube_igm_idw,126591,34945,45455,37650,29178,134277
574,cube_igm_idw,126585,34778,45135,37296,28840,134160
575,cube_igm_idw,126671,34322,44542,36581,28191,134089
576,cube_igm_idw,126693,34080,43945,36117,28075,133743
577,cube_igm_idw,126648,33429,42895,35500,27350,133386
578,cube_igm_idw,127122,31753,41318,34622,26584,133981
579,cube_igm_idw,126718,30468,40059,33623,25503,133533
580,cube_igm_idw,126322,30003,39166,32331,24691,132747
581,cube_igm_idw,125934,29319,38257,31027,23432,132137
582,cube_igm_idw,126148,29438,38233,30739,23163,132249
583,cube_igm_idw,126061,29602,38578,30887,23169,132317
584,cube_igm_idw,126001,30569,39557,32155,23991,132246
585,cube_igm_idw,126044,31424,40619,33553,25256,132463
586,cube_igm_idw,126221,32475,41535,34587,26144,132588
587,cube_igm_idw,126412,33852,43081,35533,26709,132806
588,cube_igm_idw,126904,35114,44211,36195,27728,133282
589,cube_igm_idw,126939,35577,44775,36483,28187,133452
590,cube_igm_idw,126887,35529,45055,36849,28495,133714
591,cube_igm_idw,126860,35418,45296,37286,28883,133996
592,cube_igm_idw,126788,35342,45242,37407,29071,134016
593,cube_igm_idw,127029,35314,45291,37400,29095,134324
594,cube_igm_idw,127037,35316,45222,37503,29220,134209
595,cube_igm_idw,126992,35028,44540,37349,28902,133834
596,cube_igm_idw,127121,34557,43451,36513,28272,133335
597,cube_igm_idw,127092,33829,42105,35233,27145,132740
598,cube_igm_idw,126603,32952,40557,33326,25539,131642
599,cube_igm_idw,126712,32643,39543,31828,23937,131062
600,cube_igm_idw,126901,32672,39192,31153,23033,130834
601,cube_igm_idw,127071,33099,39566,31536,23271,130950
602,cube_igm_idw,126980,33701,40081,32225,24104,130833
603,cube_igm_idw,126807,34290,40796,33348,25316,130855
604,cube_igm_idw,126664,34698,41146,33911,25720,130604
605,cube_igm_idw,126618,34969,41321,34299,26059,130511
606,cube_igm_idw,126545,35042,41407,34494,26394,130445
607,cube_igm_idw,126405,35303,41714,34827,26798,130294
608,cube_igm_idw,126461,35340,41667,34899,26817,130291
609,cube_igm_idw,126442,35586,41880,35081,26938,130218
610,cube_igm_idw,126692,35383,41720,34974,26806,130508
611,cube_igm_idw,126527,35409,41823,35069,26860,130472
612,cube_igm_idw,126583,35343,41714,35038,26846,130433
613,cube_igm_idw,126585,35391,41720,35023,26840,130425
614,cube_igm_idw,126656,35722,41928,35124,26908,130335
615,cube_igm_idw,126691,35421,41684,34965,26764,130474
616,cube_igm_idw,126566,35517,41649,34920,26815,130187
617,cube_igm_idw,126555,35451,41608,34900,26676,130249
618,cube_igm_idw,126515,35672,41683,34932,26808,130056
619,cube_igm_idw,126673,35336,41341,34646,26442,130201
620,cube_igm_idw,126529,35442,41456,34818,26617,130041
621,cube_igm_idw,126591,35516,41459,34809,26670,130067
622,cube_igm_idw,126597,35650,41460,34754,26626,129988
623,cube_igm_idw,126892,35153,41101,34508,26348,130393
624,cube_igm_idw,126871,35233,40885,34226,25986,130107
625,cube_igm_idw,126928,35321,40986,34375,26188,130166
626,cube_igm_idw,126872,35447,40983,34383,26207,130015
627,cube_igm_idw,126823,35078,40878,34269,26166,130209
628,cube_igm_idw,126665,35535,41091,34507,26351,129785
629,cube_igm_idw,126740,35478,41173,34491,26349,129990
630,cube_igm_idw,126732,35477,41044,34429,26297,129889
631,cube_igm_idw,126851,34887,40923,34340,26229,130421
632,cube_igm_idw,126796,35106,40789,34223,26116,130027
633,cube_igm_idw,126795,34882,40597,34087,26018,130054
634,cube_igm_idw,126914,34900,40811,34263,26256,130312
635,cube_igm_idw,126908,35087,40646,34111,26004,129990
636,cube_igm_idw,126838,34724,40619,34053,26017,130292
637,cube_igm_idw,126817,35022,40536,33940,25943,129891
638,cube_igm_idw,126882,34881,40524,33966,25819,130052
639,cube_igm_idw,126806,35096,40709,34009,25939,129937
640,cube_igm_idw,126953,35144,40781,34088,25914,130099
641,cube_igm_idw,126814,35147,40947,34165,26096,130125
642,cube_igm_idw,126843,35139,40945,34049,26052,130193
643,cube_igm_idw,126700,35027,41222,34161,26252,130433
644,cube_igm_idw,126675,35208,41460,33961,26304,130333
645,cube_igm_idw,126740,34819,41114,34048,26254,130634
646,cube_igm_idw,126730,34481,41005,33956,26147,130765
647,cube_igm_idw,126654,34111,40922,33814,26117,130958
648,cube_igm_idw,126708,33995,40893,33709,26037,131054
649,cube_igm_idw,126679,34192,40938,33803,26079,130951
650,cube_igm_idw,126731,34273,41015,33873,26037,130998
651,cube_igm_idw,126781,34057,40943,33943,26169,131151
652,cube_igm_idw,126817,34000,40972,33906,26031,131235
653,cube_igm_idw,126871,34158,41167,34113,26137,131343
654,cube_igm_idw,126844,34741,41763,34567,26269,131288
655,cube_igm_idw,126901,34963,41914,34890,26606,131236
656,cube_igm_idw,126862,34846,41725,34854,26588,131183
657,cube_igm_idw,126938,34584,41452,34687,26347,131281
658,cube_igm_idw,126859,34710,41546,34889,26612,131190
659,cube_igm_idw,126764,34774,41506,34788,26605,130975
660,cube_igm_idw,126606,34829,41697,34862,26618,130895
661,cube_igm_idw,126582,34758,41733,34842,26570,130979
662,cube_igm_idw,126472,34874,42032,35102,26852,131030
663,cube_igm_idw,126366,35039,42322,35358,27003,131083
664,cube_igm_idw,126525,35576,43035,35851,27306,131313
665,cube_igm_idw,126890,35849,43469,36031,27422,131951
666,cube_igm_idw,126959,36139,43807,35991,27304,131982
667,cube_igm_idw,126914,36310,44110,35789,27214,131988
668,cube_igm_idw,126962,36529,44283,35955,27244,132111
669,cube_igm_idw,126918,36759,44498,36411,27594,131980
670,cube_igm_idw,126912,36814,44529,36523,27460,131908
671,cube_igm_idw,126908,36670,44435,36537,27500,131968
672,cube_igm_idw,126875,36431,44277,36284,27567,132026
673,cube_igm_idw,126929,36255,44113,36078,27373,132157
674,cube_igm_idw,126903,35807,43754,35576,26888,132154
675,cube_igm_idw,127082,35588,43664,35620,27140,132475
676,cube_igm_idw,127013,35342,43280,35534,26969,132269
677,cube_igm_idw,126879,34960,42756,35307,26570,132003
678,cube_igm_idw,126823,34479,42068,35102,26695,131789
679,cube_igm_idw,126844,34040,41618,34698,26058,131790
680,cube_igm_idw,126701,34161,41720,34679,25426,131574
681,cube_igm_idw,126481,35139,42568,35389,25988,131279
682,cube_igm_idw,126848,35490,42988,35489,26249,131665
683,cube_igm_idw,126950,35753,43126,35532,26763,131666
684,cube_igm_idw,126971,35798,43160,35297,26657,131721
685,cube_igm_idw,127015,35912,43257,35018,26545,131690
686,cube_igm_idw,127067,36188,43507,35075,26449,131692
687,cube_igm_idw,127058,36630,43802,35518,26552,131650
688,cube_igm_idw,127022,36892,44035,35954,27026,131539
689,cube_igm_idw,127044,36895,44085,36086,26988,131613
690,cube_igm_idw,127040,36642,43949,35920,26818,131700
691,cube_igm_idw,127075,36473,43902,35761,26810,131847
692,cube_igm_idw,127045,36189,43730,35576,26816,131892
693,cube_igm_idw,127077,36038,43472,35295,26481,131876
694,cube_igm_idw,127187,35876,43422,35290,26575,132141
695,cube_igm_idw,127199,35869,43188,35336,26717,131897
696,cube_igm_idw,127074,35667,42863,35247,26558,131700
697,cube_igm_idw,126908,35468,42374,35044,26386,131272
698,cube_igm_idw,126847,35132,41701,34729,26474,130906
699,cube_igm_idw,126796,34662,41271,34204,25884,130832
700,cube_igm_idw,126566,34543,41148,34168,25746,130583
701,cube_igm_idw,126438,34655,41085,34031,25694,130329
702,cube_igm_idw,126388,34902,41279,34255,25882,130247
703,cube_igm_idw,126437,35537,41734,34518,25966,130110
704,cube_igm_idw,126686,36194,42316,34784,26161,130270
705,cube_igm_idw,126815,36481,42800,34948,26116,130531
706,cube_igm_idw,127003,36631,43162,35089,26402,130908
707,cube_igm_idw,127064,36617,43272,35079,26495,131077
708,cube_igm_idw,127094,36747,43298,35027,26375,131073
709,cube_igm_idw,127123,36818,43265,34935,26496,131015
710,cube_igm_idw,127146,36811,43190,34796,26093,131013
711,cube_igm_idw,127174,36621,43072,34674,25964,131115
712,cube_igm_idw,127219,36442,42913,34462,25533,131124
713,cube_igm_idw,127010,36292,42620,34424,25185,130801
714,cube_igm_idw,127004,36234,42371,34224,25050,130581
715,cube_igm_idw,126833,36122,42179,33968,24859,130272
716,cube_igm_idw,126676,35922,41912,33795,24736,130094
717,cube_igm_idw,126535,35957,41796,33674,24551,129834
718,cube_igm_idw,126719,36130,41808,33583,24567,129838
719,cube_igm_idw,126772,36207,41940,33645,24667,129957
720,cube_igm_idw,126812,36451,42075,33928,24975,129904
721,cube_igm_idw,126803,36595,42171,34071,25054,129877
722,cube_igm_idw,126945,36598,42140,34068,25216,130032
723,cube_igm_idw,127017,36517,41987,34001,25301,129998
724,cube_igm_idw,126982,36611,41862,34077,25559,129817
725,cube_igm_idw,127053,36691,41814,34074,25506,129754
726,cube_igm_idw,127056,36634,41678,33994,25599,129638
727,cube_igm_idw,127044,36634,41731,34047,25714,129699
728,cube_igm_idw,127025,36711,41814,34033,25715,129714
729,cube_igm_idw,127119,36765,41894,34071,25768,129822
730,cube_igm_idw,127181,36743,41850,33964,25679,129862
731,cube_igm_idw,127124,36816,41804,33832,25555,129705
732,cube_igm_idw,127123,36840,41855,33680,25349,129740
733,cube_igm_idw,127034,36791,41769,33520,25132,129593
734,cube_igm_idw,127025,36815,41844,33476,24951,129577
735,cube_igm_idw,127005,36883,41968,33686,25099,129587
736,cube_igm_idw,126961,36924,41943,33693,25069,129519
737,cube_igm_idw,126912,36768,41981,33710,25130,129621
738,cube_igm_idw,126884,36608,41884,33528,24969,129643
739,cube_igm_idw,126885,36634,41988,33727,25016,129735
740,cube_igm_idw,126878,36620,41970,33609,24873,129660
741,cube_igm_idw,126889,36703,41984,33637,25000,129632
742,cube_igm_idw,126903,36758,41734,33432,24795,129399
743,cube_igm_idw,126942,36676,41557,33322,24726,129373
744,cube_igm_idw,127007,36695,41537,33259,24768,129400
745,cube_igm_idw,127069,36745,41742,33634,25044,129559
746,cube_igm_idw,127070,36935,41851,33579,24931,129555
747,cube_igm_idw,127039,36866,41927,33712,24945,129632
748,cube_igm_idw,126975,36749,41872,33621,24283,129669
749,cube_igm_idw,126984,36845,41881,33620,22576,129585
750,cube_igm_idw,124745,36246,41650,33362,21442,127459
751,cube_igm_idw,120522,35021,40523,32142,20177,123183
752,cube_igm_idw,117267,34080,39631,31197,19306,119873
753,cube_igm_idw,114761,33372,38897,30451,18858,117242
754,cube_igm_idw,112570,32682,38223,29836,18499,115040
755,cube_igm_idw,109619,31809,37340,28891,17667,111983
756,cube_igm_idw,105960,30827,36165,27796,17003,108141
757,cube_igm_idw,101710,29634,34736,26519,16340,103800
758,cube_igm_idw,98117,28730,33584,25653,16034,100155
759,cube_igm_idw,94959,28002,32619,24814,15352,96896
760,cube_igm_idw,92747,27539,32090,24410,15285,94696
761,cube_igm_idw,91554,27364,31788,24123,15023,93451
762,cube_igm_idw,91015,27348,31703,24049,14991,92873
763,cube_igm_idw,91216,27369,31763,24019,15084,93072
764,cube_igm_idw,92139,27616,31907,24190,15104,93912
765,cube_igm_idw,93526,28060,32340,24599,15397,95258
766,cube_igm_idw,95389,28447,32856,25090,15937,97171
767,cube_igm_idw,97618,29113,33503,25666,16221,99327
768,cube_igm_idw,100631,29819,34448,26387,16896,102399
769,cube_igm_idw,104211,30754,35523,27412,17416,105994
770,cube_igm_idw,107967,31855,36754,28483,17846,109813
771,cube_igm_idw,111296,32779,37700,29333,18568,113192
772,cube_igm_idw,115000,33985,38713,30427,19698,116845
773,cube_igm_idw,119980,35381,40071,31735,21021,121960
774,cube_igm_idw,126164,37132,41696,33546,23219,128215
775,cube_igm_idw,127103,37397,41684,33590,24995,129045
776,cube_igm_idw,127124,37348,41707,33604,25250,129117
777,cube_igm_idw,127136,37294,41621,33595,25206,129082
778,cube_igm_idw,127106,37403,41592,33638,25183,128990
779,cube_igm_idw,127035,37523,41771,33912,25346,128938
780,cube_igm_idw,126926,37564,41712,34115,25624,128778
781,cube_igm_idw,126884,37525,41652,34157,25690,128715
782,cube_igm_idw,126951,37177,41316,34056,25765,128733
783,cube_igm_idw,126902,36973,41267,34185,25976,128829
784,cube_igm_idw,126744,37088,41155,34144,25937,128489
785,cube_igm_idw,126707,37298,41211,34199,25961,128365
786,cube_igm_idw,126730,37266,41150,34139,25986,128346
787,cube_igm_idw,126639,37431,41213,33979,25794,128114
788,cube_igm_idw,126569,37113,40859,33813,25725,128052
789,cube_igm_idw,126373,36988,40834,33882,25694,127971
790,cube_igm_idw,126233,36991,40900,33873,25647,127927
791,cube_igm_idw,126421,37133,40980,33706,25563,127989
792,cube_igm_idw,126954,37277,41073,33101,25093,128401
793,cube_igm_idw,127078,37259,41013,32452,24411,128469
794,cube_igm_idw,126919,37263,41010,32425,24352,128251
795,cube_igm_idw,126730,37452,41247,33082,24836,128173
796,cube_igm_idw,126675,37387,41359,33371,25015,128269
797,cube_igm_idw,126695,37358,41365,33539,25100,128259
798,cube_igm_idw,126642,36987,41060,33217,24888,128374
799,cube_igm_idw,126622,36778,40941,32970,24844,128477
800,cube_igm_idw,126589,36816,40829,32513,24220,128295
801,cube_igm_idw,126620,36428,40395,32004,24097,128255
802,cube_igm_idw,126801,36520,40454,32415,24616,128404
803,cube_igm_idw,126887,36749,40559,33106,25080,128417
804,cube_igm_idw,127199,36987,40692,33838,25899,128685
805,cube_igm_idw,127017,37004,40767,33679,25761,128445
806,cube_igm_idw,126761,36841,40589,33603,25662,128290
807,cube_igm_idw,126534,36488,40385,33378,25396,128188
808,cube_igm_idw,126485,36811,40648,33684,25686,128091
809,cube_igm_idw,126485,36860,40728,33832,25768,128146
810,cube_igm_idw,126371,37214,40845,33666,25715,127740
811,cube_igm_idw,126652,37269,40733,33193,25322,127864
812,cube_igm_idw,127130,37242,40777,32796,25260,128372
813,cube_igm_idw,127139,37166,40628,32310,24510,128381
814,cube_igm_idw,126911,37134,40814,32443,24499,128260
815,cube_igm_idw,126826,37196,40944,32854,24727,128217
816,cube_igm_idw,126801,36935,40748,32684,24540,128197
817,cube_igm_idw,126672,36530,40348,32186,24011,128201
818,cube_igm_idw,126681,36500,40378,31850,23970,128196
819,cube_igm_idw,126707,36513,40305,31793,23927,128164
820,cube_igm_idw,126694,36681,40377,32330,24555,128124
821,cube_igm_idw,126907,36757,40536,33156,25314,128426
822,cube_igm_idw,127199,36965,40769,33921,26089,128769
823,cube_igm_idw,126968,37193,41026,33955,26046,128468
824,cube_igm_idw,126724,36930,40974,33903,25882,128429
825,cube_igm_idw,126468,36764,40791,33589,25556,128224
826,cube_igm_idw,126377,37028,41043,33716,25676,128080
827,cube_igm_idw,126331,37146,41342,34133,25899,128204
828,cube_igm_idw,126428,37176,41363,34264,26050,128313
829,cube_igm_idw,126163,37453,41326,34190,26059,127725
830,cube_igm_idw,126224,37195,40978,33710,25588,127700
831,cube_igm_idw,126634,37234,40967,33382,25260,128050
832,cube_igm_idw,126998,37168,41008,32921,25018,128510
833,cube_igm_idw,127120,36779,40636,32275,24341,128640
834,cube_igm_idw,126979,36335,40279,32208,24270,128596
835,cube_igm_idw,126898,36283,40067,32019,24164,128346
836,cube_igm_idw,126824,36555,40290,32298,24429,128185
837,cube_igm_idw,126846,36368,40178,32094,24178,128291
838,cube_igm_idw,126878,36020,39785,31639,23670,128419
839,cube_igm_idw,126895,35923,39799,31667,23854,128517
840,cube_igm_idw,126878,36071,40061,32116,24402,128601
841,cube_igm_idw,126797,36305,40483,32978,25195,128673
842,cube_igm_idw,127214,36583,40897,33842,26019,129122
843,cube_igm_idw,127039,36731,40980,34028,26189,128932
844,cube_igm_idw,126898,36892,41146,34202,26157,128845
845,cube_igm_idw,126591,37107,41558,34291,26056,128673
846,cube_igm_idw,126499,36881,41671,34340,26089,128897
847,cube_igm_idw,126569,36882,41635,34469,26312,128947
848,cube_igm_idw,126491,37186,41525,34485,26325,128517
849,cube_igm_idw,126328,37281,41312,34290,26339,128056
850,cube_igm_idw,126319,37188,41172,34058,26044,128032
851,cube_igm_idw,126680,36886,41011,33580,25566,128442
852,cube_igm_idw,126800,36643,40450,32706,24997,128307
853,cube_igm_idw,126942,36365,40068,32055,24309,128401
854,cube_igm_idw,127017,36193,40027,31895,24133,128520
855,cube_igm_idw,126846,35969,39928,31910,24081,128427
856,cube_igm_idw,126783,35836,39844,31829,23965,128416
857,cube_igm_idw,126731,35517,39547,31410,23548,128425
858,cube_igm_idw,126818,35569,39745,31371,23730,128627
859,cube_igm_idw,126750,35645,39963,31685,23966,128688
860,cube_igm_idw,126738,35718,40043,32144,24659,128665
861,cube_igm_idw,126800,35647,40153,32675,24936,128928
862,cube_igm_idw,127258,35853,40568,33623,26054,129542
863,cube_igm_idw,127125,36120,40874,34371,26905,129511
864,cube_igm_idw,126827,36228,41149,34423,26912,129340
865,cube_igm_idw,126554,36538,41531,34362,26556,129163
866,cube_igm_idw,126315,36656,41841,34537,26494,129080
867,cube_igm_idw,126326,36797,42026,34841,26630,129180
868,cube_igm_idw,126454,36756,41894,34771,26518,129228
869,cube_igm_idw,126336,36909,41687,34686,26507,128748
870,cube_igm_idw,126429,36868,41316,34231,26256,128594
871,cube_igm_idw,126646,36416,40978,33537,25457,128907
872,cube_igm_idw,126762,35981,40453,32714,24976,128845
873,cube_igm_idw,126864,35851,40140,32173,24474,128823
874,cube_igm_idw,126757,35495,39718,31698,23984,128616
875,cube_igm_idw,126461,35354,39634,31683,23787,128306
876,cube_igm_idw,126776,35464,39707,31722,23788,128631
877,cube_igm_idw,126707,34976,39339,31164,23279,128678
878,cube_igm_idw,126686,34697,39178,30931,23210,128771
879,cube_igm_idw,126734,34766,39349,31118,23538,128920
880,cube_igm_idw,126761,34908,39667,31797,24410,129098
881,cube_igm_idw,126766,35474,40298,32987,25271,129181
882,cube_igm_idw,127035,35695,40670,33765,26020,129609
883,cube_igm_idw,126939,35982,41162,34309,26365,129708
884,cube_igm_idw,126716,36292,41490,34704,26667,129476
885,cube_igm_idw,126578,36659,41844,34974,26867,129419
886,cube_igm_idw,126512,36772,41866,34981,26901,129247
887,cube_igm_idw,126481,36858,41960,35059,26930,129214
888,cube_igm_idw,126649,36851,41880,35016,26917,129321
889,cube_igm_idw,126633,36764,41534,34614,26642,129141
890,cube_igm_idw,126540,36579,41256,34001,26144,128878
891,cube_igm_idw,126804,36186,40848,33261,25518,129150
892,cube_igm_idw,126881,35690,40259,32407,24797,129136
893,cube_igm_idw,126822,35413,39919,31769,24157,128896
894,cube_igm_idw,126821,35220,39613,31423,23806,128814
895,cube_igm_idw,126782,35125,39615,31317,23635,128859
896,cube_igm_idw,126812,34798,39409,31213,23582,129026
897,cube_igm_idw,126868,34747,39385,31195,23504,129085
898,cube_igm_idw,126878,34855,39452,31291,23585,129129
899,cube_igm_idw,126890,34567,39326,31223,23556,129241
900,cube_igm_idw,126925,34722,39548,31681,24114,129281
901,cube_igm_idw,126914,35111,39895,32202,24469,129285
902,cube_igm_idw,126969,35395,40207,32895,25051,129400
903,cube_igm_idw,127101,35377,40452,33491,25672,129733
904,cube_igm_idw,127055,35865,40844,34020,26152,129630
905,cube_igm_idw,126971,36141,41193,34391,26443,129697
906,cube_igm_idw,126909,36097,41451,34570,26555,129865
907,cube_igm_idw,126820,36311,41685,34821,26743,129789
908,cube_igm_idw,126745,36569,41956,35069,26951,129703
909,cube_igm_idw,126750,36559,42050,35289,27162,129816
910,cube_igm_idw,126630,36533,41882,35145,27067,129595
911,cube_igm_idw,126617,36533,41548,34593,26716,129323
912,cube_igm_idw,126894,36285,41257,33940,26107,129515
913,cube_igm_idw,126941,35542,40424,32820,25208,129466
914,cube_igm_idw,126923,35101,39908,32045,24415,129317
915,cube_igm_idw,127039,34905,39607,31662,23946,129280
916,cube_igm_idw,126977,34754,39434,31496,23704,129220
917,cube_igm_idw,126876,34694,39243,31236,23436,129034
918,cube_igm_idw,126653,34430,39067,30881,23220,128827
919,cube_igm_idw,126684,34086,38824,30598,23250,129008
920,cube_igm_idw,126751,33623,38512,30500,23347,129220
921,cube_igm_idw,126765,34238,39217,31477,24233,129264
922,cube_igm_idw,126910,34510,39687,32546,24921,129611
923,cube_igm_idw,127033,35022,40547,33671,25929,130070
924,cube_igm_idw,126769,35577,41095,34413,26500,129846
925,cube_igm_idw,126770,35745,41381,34693,26823,129959
926,cube_igm_idw,126591,35709,41499,34808,26837,129905
927,cube_igm_idw,126563,35749,41457,34651,26596,129766
928,cube_igm_idw,126391,36210,41595,34604,26648,129414
929,cube_igm_idw,126658,36300,41326,34033,26094,129324
930,cube_igm_idw,126938,35343,40455,32818,25140,129569
931,cube_igm_idw,126965,34789,39807,31993,24349,129514
932,cube_igm_idw,126942,34695,39567,31506,23817,129361
933,cube_igm_idw,126784,33798,38753,30718,22967,129308
934,cube_igm_idw,126774,34072,38787,30620,23140,129062
935,cube_igm_idw,126826,33958,38693,30580,23411,129189
936,cube_igm_idw,126849,33891,38861,30897,23621,129376
937,cube_igm_idw,126818,34014,39143,31455,24170,129398
938,cube_igm_idw,126797,34526,39662,32352,24542,129453
939,cube_igm_idw,126894,34582,39995,33079,25377,129837
940,cube_igm_idw,126939,34706,40324,33571,25820,130009
941,cube_igm_idw,126742,35009,40936,34262,26312,130111
942,cube_igm_idw,126786,35144,41372,34726,26673,130512
943,cube_igm_idw,126440,35779,41758,34913,26979,129910
944,cube_igm_idw,126368,35829,41420,34446,26544,129512
945,cube_igm_idw,126638,35495,40762,33367,25542,129530
946,cube_igm_idw,126902,34814,39943,32315,24839,129598
947,cube_igm_idw,126960,34278,39396,31511,24124,129611
948,cube_igm_idw,126883,34001,39043,31097,23649,129466
949,cube_igm_idw,127056,34139,39270,31242,23800,129685
950,cube_igm_idw,126993,33681,38859,30706,23159,129666
951,cube_igm_idw,126939,33756,38825,30902,23485,129562
952,cube_igm_idw,126852,33896,38933,31203,23763,129470
953,cube_igm_idw,126789,33729,39013,31378,24060,129526
954,cube_igm_idw,126880,34006,39321,32126,24432,129676
955,cube_igm_idw,127098,34405,39910,33210,25599,130106
956,cube_igm_idw,127022,34751,40576,34034,26417,130377
957,cube_igm_idw,126886,35217,41285,34599,26827,130478
958,cube_igm_idw,126697,35376,41659,34863,26869,130400
959,cube_igm_idw,126617,35531,41883,35232,27198,130415
960,cube_igm_idw,126363,35413,41691,34962,26881,130124
961,cube_igm_idw,126179,35038,41249,34355,26298,129822
962,cube_igm_idw,126176,35243,41179,34092,26100,129533
963,cube_igm_idw,126446,35158,40919,33573,25550,129723
964,cube_igm_idw,126607,34790,40263,32824,25007,129611
965,cube_igm_idw,126710,34164,39565,31959,24408,129607
966,cube_igm_idw,126913,33914,39172,31217,23340,129695
967,cube_igm_idw,126935,33180,38388,30226,22544,129602
968,cube_igm_idw,127009,33526,38607,30477,22867,129619
969,cube_igm_idw,127006,33271,38552,30705,23397,129755
970,cube_igm_idw,126939,33513,38938,31130,23885,129799
971,cube_igm_idw,126939,33701,39146,31729,24034,129764
972,cube_igm_idw,127091,34263,39892,32820,25009,130212
973,cube_igm_idw,127161,34256,39946,33126,25425,130321
974,cube_igm_idw,127171,34220,40078,33406,25706,130493
975,cube_igm_idw,126999,34820,41006,34347,26633,130644
976,cube_igm_idw,126762,35196,41715,34971,27114,130772
977,cube_igm_idw,126707,35648,42381,35478,27320,130864
978,cube_igm_idw,126748,35414,42275,35506,27310,131044
979,cube_igm_idw,126683,35714,42359,35663,27553,130836
980,cube_igm_idw,126700,35247,41661,34890,27001,130600
981,cube_igm_idw,126896,34728,40842,33943,26020,130498
982,cube_igm_idw,127107,34390,40445,33276,25271,130580
983,cube_igm_idw,127198,34140,40268,33024,25132,130740
984,cube_igm_idw,127349,33517,39710,32110,24107,130826
985,cube_igm_idw,127326,33251,39289,31646,23595,130600
986,cube_igm_idw,127355,33349,39565,31906,24027,130817
987,cube_igm_idw,127425,32829,38924,31208,23194,130695
988,cube_igm_idw,123731,31331,37787,30183,22318,127204
989,cube_igm_idw,127302,32624,38767,31138,23010,130561
990,cube_igm_idw,127248,32610,38897,31450,23345,130716
991,cube_igm_idw,127222,32899,39351,32004,23836,130811
992,cube_igm_idw,125142,32357,39256,32029,23733,129097
993,cube_igm_idw,127170,32912,39783,32577,24202,131068
994,cube_igm_idw,127105,33302,40465,33354,25017,131293
995,cube_igm_idw,127069,33506,40746,33540,25258,131365
996,cube_igm_idw,127049,33485,40847,33730,25422,131536
997,cube_igm_idw,127119,33575,40892,33727,25452,131571
998,cube_igm_idw,127020,33773,41092,34028,25809,131521
999,cube_igm_idw,127174,33393,40634,33486,25109,131530
1000,cube_igm_idw,127117,33443,40593,33469,25249,131433
1001,cube_igm_idw,127109,33467,40732,33519,25096,131481
1002,cube_igm_idw,127196,33467,40767,33537,25376,131515
1003,cube_igm_idw,127116,33722,41060,34062,25955,131656
1004,cube_igm_idw,127180,33603,40866,33858,25760,131655
1005,cube_igm_idw,127116,33795,41001,33929,25793,131505
1006,cube_igm_idw,127132,33621,40656,33535,25465,131380
1007,cube_igm_idw,127112,33710,40567,33575,25454,131239
1008,cube_igm_idw,127074,33658,40685,33597,25486,131274
1009,cube_igm_idw,127182,33610,40578,33475,25327,131370
1010,cube_igm_idw,127118,33676,40784,33583,25574,131384
1011,cube_igm_idw,127128,33757,40967,33975,25827,131574
1012,cube_igm_idw,127054,33846,41221,34112,26065,131590
1013,cube_igm_idw,127039,34019,41346,34385,26242,131626
1014,cube_igm_idw,126995,34069,41456,34384,26181,131585
1015,cube_igm_idw,127006,34211,41523,34528,26424,131570
1016,cube_igm_idw,126996,33967,41270,34325,26258,131496
1017,cube_igm_idw,126816,34073,41345,34442,26441,131326
1018,cube_igm_idw,126865,34104,41521,34560,26423,131465
1019,cube_igm_idw,126808,34031,41386,34433,26405,131462
1020,cube_igm_idw,126830,34172,41638,34555,26470,131465
1021,cube_igm_idw,126666,34380,41951,34991,26849,131453
1022,cube_igm_idw,126560,34513,41998,35059,26949,131409
1023,cube_igm_idw,126521,34531,42008,35073,26943,131279
1024,cube_igm_idw,126491,34587,42053,34977,26764,131164
1025,cube_igm_idw,126421,34420,41964,34891,26650,131148
1026,cube_igm_idw,126322,34303,41977,35015,26909,131171
1027,cube_igm_idw,126179,34562,42255,35375,27271,131151
1028,cube_igm_idw,126199,34425,42101,35161,26895,131158
1029,cube_igm_idw,126067,34559,42320,35294,27149,131054
1030,cube_igm_idw,125998,34469,42325,35343,27280,131039
1031,cube_igm_idw,125826,34643,42501,35554,27557,130967
1032,cube_igm_idw,125770,34599,42382,35388,27323,130795
1033,cube_igm_idw,125703,34629,42312,35333,27252,130639
1034,cube_igm_idw,125838,34491,42057,35068,27018,130637
1035,cube_igm_idw,125862,34465,42066,35107,27019,130738
1036,cube_igm_idw,125791,34555,42195,35281,27145,130720
1037,cube_igm_idw,126036,34392,42006,34954,26840,130920
1038,cube_igm_idw,126015,34423,42089,35091,27031,130880
1039,cube_igm_idw,126071,34470,42187,35182,27115,131014
1040,cube_igm_idw,126026,34546,42126,35138,27047,130913
1041,cube_igm_idw,126066,34455,41894,34830,26674,130799
1042,cube_igm_idw,126107,34503,41938,34834,26735,130731
1043,cube_igm_idw,126123,34186,41577,34492,26340,130768
1044,cube_igm_idw,126230,33959,41451,34280,26099,130909
1045,cube_igm_idw,126188,33728,41366,34246,26037,130997
1046,cube_igm_idw,126145,33360,41208,33969,25706,131159
1047,cube_igm_idw,126070,32993,41111,33819,25426,131357
1048,cube_igm_idw,126113,32803,41025,33609,25057,131486
1049,cube_igm_idw,126246,32631,41150,33631,25018,131779
1050,cube_igm_idw,126145,32327,41099,33349,24642,131841
1051,cube_igm_idw,126136,32213,41258,33665,24819,132245
1052,cube_igm_idw,126134,31842,41250,33487,24655,132547
1053,cube_igm_idw,126147,31660,41321,33544,24743,132841
1054,cube_igm_idw,126149,31401,41243,33411,24607,133020
1055,cube_igm_idw,125207,30969,41016,33182,24105,132282
1056,cube_igm_idw,122705,30617,41163,33254,22984,130056
1057,cube_igm_idw,117811,30023,40842,32957,21389,124920
1058,cube_igm_idw,113664,29321,40582,32820,19554,120457
1059,cube_igm_idw,110279,28339,40196,32190,17146,116276
1060,cube_igm_idw,108972,27800,40162,31425,15906,113892
1061,cube_igm_idw,107072,27390,39788,30860,14714,111106
1062,cube_igm_idw,106311,27286,39005,29600,13970,109845
1063,cube_igm_idw,106474,26993,38609,28974,13298,109470
1064,cube_igm_idw,106664,26805,37931,29272,12772,109359
1065,cube_igm_idw,106600,27017,38948,29331,12120,109059
1066,cube_igm_idw,107009,27396,39187,29725,11787,109298
1067,cube_igm_idw,106836,27324,39464,30344,11566,108917
1068,cube_igm_idw,106148,27061,39194,29740,11557,108068
1069,cube_igm_idw,105641,27056,39362,29729,11544,107448
1070,cube_igm_idw,105740,27630,39387,30212,11508,107613
1071,cube_igm_idw,106916,27689,39397,30046,11427,108748
1072,cube_igm_idw,108820,28008,39299,30024,11412,110607
1073,cube_igm_idw,110129,28214,39139,29988,11776,111970
1074,cube_igm_idw,111407,28423,39430,29926,11723,113212
1075,cube_igm_idw,114443,28881,39793,30373,11649,116332
1076,cube_igm_idw,119365,29581,40188,30712,11950,121359
1077,cube_igm_idw,120199,30187,40012,30914,12682,122268
1078,cube_igm_idw,120783,30332,39742,30286,12936,122774
1079,cube_igm_idw,123247,31227,40161,30840,13714,125353
1080,cube_igm_idw,125725,31869,40199,30842,13922,127929
1081,cube_igm_idw,126794,32728,41120,31993,14725,129088
1082,cube_igm_idw,126760,33619,40993,31940,16019,129129
1083,cube_igm_idw,126757,34142,40995,31924,17415,129342
1084,cube_igm_idw,126708,34569,41072,32089,19548,129779
1085,cube_igm_idw,126877,34795,41361,32158,20206,130313
1086,cube_igm_idw,126880,34985,41418,32379,21493,130453
1087,cube_igm_idw,126801,35193,41407,32406,22851,130397
1088,cube_igm_idw,126873,35309,41373,32327,23020,130288
1089,cube_igm_idw,126767,35334,41202,32021,22793,130031
1090,cube_igm_idw,126821,35445,41079,31787,22571,129836
1091,cube_igm_idw,126784,35623,41071,31829,22535,129702
1092,cube_igm_idw,126694,35651,41036,31774,22507,129537
1093,cube_igm_idw,126693,35494,40640,31426,22418,129314
1094,cube_igm_idw,126842,35792,40670,31619,22629,129300
1095,cube_igm_idw,126813,36005,40828,31719,22678,129205
1096,cube_igm_idw,126748,36243,41081,31976,23004,129131
1097,cube_igm_idw,126725,36160,40952,31813,22905,129153
1098,cube_igm_idw,126527,36131,40768,31625,22775,128773
1099,cube_igm_idw,126708,36108,40561,31464,22648,128812
1100,cube_igm_idw,126490,35964,40418,31294,22527,128581
1101,cube_igm_idw,126351,36118,40483,31354,22483,128344
1102,cube_igm_idw,126358,35937,40364,31262,22469,128422
1103,cube_igm_idw,126428,35851,40010,30855,21979,128272
1104,cube_igm_idw,126308,36000,40070,31018,22126,128051
1105,cube_igm_idw,126479,36449,40371,31164,22209,128064
1106,cube_igm_idw,126142,36174,40372,31205,22306,127939
1107,cube_igm_idw,126133,36194,40241,30986,21938,127733
1108,cube_igm_idw,125984,36099,39944,30816,21996,127415
1109,cube_igm_idw,125955,36058,39896,30800,22139,127496
1110,cube_igm_idw,125783,36315,40187,30930,22066,127289
1111,cube_igm_idw,125631,36288,40292,30926,22053,127193
1112,cube_igm_idw,125625,36290,40180,30764,22031,127074
1113,cube_igm_idw,125514,36139,40111,30683,21895,127034
1114,cube_igm_idw,125277,36201,40363,30890,21887,126950
1115,cube_igm_idw,124878,36286,40488,30801,21808,126461
1116,cube_igm_idw,124572,36459,40666,30936,21893,126129
1117,cube_igm_idw,124749,36653,40768,31099,21856,126334
1118,cube_igm_idw,124812,36911,40862,31336,22127,126272
1119,cube_igm_idw,124980,37234,41180,31708,22369,126469
1120,cube_igm_idw,124714,37357,41438,31938,22140,126241
1121,cube_igm_idw,124698,37323,41461,32050,22382,126245
1122,cube_igm_idw,124749,37358,41402,32067,22299,126285
1123,cube_igm_idw,124884,37386,41636,32290,22326,126578
1124,cube_igm_idw,125248,37666,42014,32718,22708,127065
1125,cube_igm_idw,125320,37660,42177,32863,22890,127376
1126,cube_igm_idw,125225,37489,42072,32657,22499,127187
1127,cube_igm_idw,125521,37315,41852,32545,22644,127478
1128,cube_igm_idw,125874,37637,42093,32757,23176,127769
1129,cube_igm_idw,126152,37822,42269,32975,23574,128068
1130,cube_igm_idw,126265,38034,42333,33175,23564,128127
1131,cube_igm_idw,126634,37967,42200,33119,23660,128514
1132,cube_igm_idw,126975,37822,41965,32835,23391,128754
1133,cube_igm_idw,126781,37866,41983,32683,23060,128551
1134,cube_igm_idw,126478,38015,42168,32766,23170,128297
1135,cube_igm_idw,126378,37855,42283,32628,22944,128324
1136,cube_igm_idw,125720,37276,41777,32308,22662,127812
1137,cube_igm_idw,125542,37225,41525,31987,22345,127412
1138,cube_igm_idw,125422,37360,41663,32117,22252,127258
1139,cube_igm_idw,126431,37373,41537,32166,22276,128195
1140,cube_igm_idw,126624,37220,41361,32000,22125,128404
1141,cube_igm_idw,126821,37213,41142,31825,21963,128415
1142,cube_igm_idw,126797,37249,41161,31760,21959,128360
1143,cube_igm_idw,126762,37343,41126,31709,21948,128224
1144,cube_igm_idw,126763,37347,41075,31680,21900,128169
1145,cube_igm_idw,126833,37481,41243,31744,21930,128261
1146,cube_igm_idw,126882,37499,41236,31704,21899,128252
1147,cube_igm_idw,126961,37461,41213,31708,21899,128332
1148,cube_igm_idw,126897,37443,41144,31673,21778,128234
1149,cube_igm_idw,126980,37480,41113,31677,21802,128237
1150,cube_igm_idw,126944,37447,41034,31580,21832,128157
1151,cube_igm_idw,126969,37448,41097,31617,21925,128264
1152,cube_igm_idw,127006,37474,41028,31625,21971,128242
1153,cube_igm_idw,127042,37417,41082,31710,22078,128352
1154,cube_igm_idw,127068,37443,41085,31807,22195,128382
1155,cube_igm_idw,127025,37451,41056,31854,22234,128292
1156,cube_igm_idw,127024,37499,41001,31785,22283,128225
1157,cube_igm_idw,126971,37497,40982,31787,22265,128165
1158,cube_igm_idw,126999,37458,40967,31733,22268,128219
1159,cube_igm_idw,126960,37568,41057,31663,22228,128106
1160,cube_igm_idw,126949,37519,41091,31726,22231,128155
1161,cube_igm_idw,126952,37532,41100,31731,22222,128173
1162,cube_igm_idw,126968,37569,41095,31764,22207,128181
1163,cube_igm_idw,126964,37523,41104,31772,22251,128163
1164,cube_igm_idw,127041,37611,41081,31756,22316,128180
1165,cube_igm_idw,126985,37496,41074,31697,22257,128205
1166,cube_igm_idw,126924,37457,41087,31776,22325,128183
1167,cube_igm_idw,126970,37546,41111,31820,22394,128195
1168,cube_igm_idw,126933,37479,41111,31839,22332,128202
1169,cube_igm_idw,126912,37532,41124,31824,22325,128173
1170,cube_igm_idw,126919,37494,41137,31850,22341,128176
1171,cube_igm_idw,126930,37614,41134,31860,22292,128111
1172,cube_igm_idw,127019,37627,41098,31851,22317,128153
1173,cube_igm_idw,126984,37565,41060,31825,22328,128112
1174,cube_igm_idw,126986,37601,41098,31750,22278,128122
1175,cube_igm_idw,127023,37611,41090,31710,22232,128126
1176,cube_igm_idw,127038,37566,41106,31676,22104,128200
1177,cube_igm_idw,127074,37589,41108,31598,22081,128220
1178,cube_igm_idw,127052,37559,41073,31554,22062,128231
1179,cube_igm_idw,127058,37570,41103,31520,22071,128238
